"Drug Name","NDC #","QOH","Total Rxs","Quantity","Acq Cost","Total","Margin","Profit Pct","Min QOH","Pkg Size",
"GAVILYTE G SOLUTION ***","43386-0090-19","-1380001","106","444000","8400.00","1971.52","-326.07%","-76.53%","0","4000"
"POLYETHYLENE GLYCOL 3350 17GM/SCOOP POWDER","00536-1052-27","-600780","437","232560","7802.16","8716.36","10.49%","11.72%","0","510"
"DICLOFENAC SODIUM 1 % EXT GEL **NYM**","43598-0977-10","-156900","867","130900","20588.91","13575.42","-51.66%","-34.06%","0","100"
"CONTOUR NEXT TEST  STRIPS*****","00193-7311-50","-128100","764","95850","134190.00","99858.41","-34.38%","-25.58%","0","50"
"LANCETS CHOICE [CVS]","98302-0140-71","-92300","561","68500","51375.00","23608.94","-117.61%","-54.05%","0","100"
"AMMONIUM LACTATE 12 % EXTERNAL LOTION","51672-1300-09","-180800","163","65200","12184.98","2497.10","-387.97%","-79.51%","0","400"
"REGULOID 28.3 % ORAL POWDER","80681-0096-00","-153502","151","55717","981.46","1255.39","21.82%","27.91%","0","369"
"AMLODIPINE 5MG TABLET ***","69097-0127-15","-107353","635","48600","72300.69","2551.65","-2733.49%","-96.47%","0","1000"
"AMMONIUM LACTATE 12 % EXTERNAL CREAM","51672-1301-00","-109725","116","48510","7379.22","3133.08","-135.53%","-57.54%","0","385"
"ASPIRIN 81MG TABLET DR","00904-6751-80","-141627","574","42876","8575.20","5916.25","-44.94%","-31.01%","0","1000"
"ALCOHOL PADS ULTICARE","08222-4400-06","-213300","279","40300","26195.00","1892.33","-1284.27%","-92.78%","0","100"
"RESTASIS 0.05% EMULSION ***","00023-9163-60","-107700","346","38280","532180.00","388147.12","-37.11%","-27.06%","0","60"
"CHLORHEXIDINE 0.12% SOLUTION ***","00116-2001-16","-113047","75","36421","7700.00","471.40","-1533.43%","-93.88%","0","473"
"TAMSULOSIN 0.4MG CAPSULE","65862-0598-05","-94175","450","35288","128015.97","3044.05","-4105.45%","-97.62%","0","500"
"ACETAMINOPHEN EXTRA STRENGTH 500MG TABLET **** NYM","00904-6720-40","-110704","297","34076","2385.32","3477.30","31.4%","45.78%","0","500"
"OMEPRAZOLE 40MG CAPSULE DR","68462-0397-10","-95201","587","33918","215718.34","3158.32","-6730.16%","-98.54%","0","1000"
"PEN NEEDLES ALL","08290-3201-22","-84145","235","28300","13439.67","15821.85","15.06%","17.72%","0","100"
"ELIQUIS 5MG TAB ***","00003-0894-21","-73768","240","27780","300950.00","209107.26","-43.92%","-30.52%","0","60"
"METFORMIN HCL 500 MG TABLET","70010-0063-10","-28692","222","27270","16510.47","756.10","-2083.64%","-95.42%","0","1000"
"ATORVASTATIN 20MG TAB ***","60505-2579-08","-104962","346","25380","102580.02","1897.23","-5306.83%","-98.15%","0","1000"
"METFORMIN 1000MG TABLET","70010-0065-99","-26080","191","24870","30841.68","1143.01","-2598.29%","-96.29%","0","1000"
"ATORVASTATIN 40MG TABLET","70377-0079-13","-25560","307","24750","122892.00","2245.56","-5372.67%","-98.17%","0","1000"
"CALCIUM-VIT D 600-400MG TAB ***","80681-0139-00","-72554","232","23460","403.80","580.36","30.42%","43.72%","0","150"
"JARDIANCE 25MG TAB ***","00597-0153-30","-54270","327","23250","542500.00","341200.29","-59%","-37.11%","0","30"
"GABAPENTIN 300MG CAPSULE","67877-0223-10","-117212","241","23234","21646.90","939.27","-2204.65%","-95.66%","0","1000"
"KETOCONAZOLE 2 % EXTERNAL SHAMPOO","70954-0662-10","-23520","188","22560","6611.30","2170.69","-204.57%","-67.17%","0","120"
"GABAPENTIN 100MG CAPSULE","67877-0222-10","-77064","251","22048","8226.23","998.56","-723.81%","-87.86%","0","1000"
"PANTOPRAZOLE 40MG TAB ***","65862-0560-99","-57384","359","21562","79497.12","1979.91","-3915.19%","-97.51%","0","1000"
"AMLODIPINE 10MG TABLET","69097-0128-15","-61205","292","20970","62910.00","1169.55","-5278.99%","-98.14%","0","1000"
"ACETAMINOPHEN CHILDRENS 160 MG/5ML ORAL SOLUTION","00904-7014-20","-36344","123","20414","403.09","1392.42","71.05%","245.44%","0","118"
"OMEPRAZOLE 20MG CAPSULE DR","00781-2868-10","-57112","426","20274","77563.08","1394.70","-5461.27%","-98.2%","0","1000"
"ATORVASTATIN 20MG TABLET","70377-0078-13","-20596","262","20040","99505.28","1427.73","-6869.47%","-98.57%","0","1000"
"XIIDRA 5 % OPHTHALMIC SOLUTION*****","24208-0911-12","-23700","234","19680","328000.00","224364.60","-46.19%","-31.6%","0","60"
"JARDIANCE 10MG TAB ***","00597-0152-30","-46106","287","19230","442290.00","294557.62","-50.15%","-33.4%","0","30"
"ATORVASTATIN 40MG TABLET ***","60505-2580-08","-109784","249","18570","75055.60","1553.14","-4732.51%","-97.93%","0","1000"
"LOSARTAN 100MG TABLET","65862-0203-99","-59321","222","18510","49059.65","1423.61","-3346.14%","-97.1%","0","1000"
"AMMONIUM LACTATE 12 % EXTERNAL CREAM","51672-1301-04","-32760","69","18480","3031.93","1213.39","-149.87%","-59.98%","0","280"
"FERROUS SULFATE 325MG TABLET (NYM)******","00245-0108-11","-32850","346","18315","6860.21","1832.25","-274.41%","-73.29%","0","100"
"DOCUSATE SODIUM 100MG CAPSULE ****NYM","00904-7280-80","-36195","248","18292","365.84","2674.39","86.32%","631.03%","0","1000"
"GABAPENTIN 300 MG CAPSULE","67877-0223-05","-18430","192","18040","20644.98","981.57","-2003.26%","-95.25%","0","500"
"METFORMIN 1000MG TABLET","70010-0065-05","-29463","142","17610","21838.55","1040.53","-1998.79%","-95.24%","0","500"
"AMLODIPINE 10MG TABLET","67877-0199-05","-67384","269","17564","45666.40","887.18","-5047.37%","-98.06%","0","500"
"OXYCODONE-APAP 10-325MG TABLET","47781-0230-05","433","181","17430","53225.48","3763.40","-1314.29%","-92.93%","0","500"
"ROBAFEN DM 20-200 MG/20ML ORAL LIQUID","00904-7223-20","-50268","64","17110","240.70","679.97","64.6%","182.5%","0","118"
"HYDROCHLOROTHIAZIDE 25MG TABLET","23155-0008-10","-55675","240","17070","348.74","291.78","-19.52%","-16.33%","0","1000"
"EZETIMIBE 10MG TABLET***","67877-0490-05","-39201","226","16620","146948.50","3671.24","-3902.69%","-97.5%","0","500"
"LORATADINE 10MG TAB ***","45802-0650-87","-51042","370","16600","3497.01","3876.71","9.79%","10.86%","0","300"
"IBUPROFEN 100MG/5ML SUSP ***","70000-0181-01","-82914","89","16078","621.68","1240.23","49.87%","99.5%","0","120"
"LACTULOSE 10 GM/15ML ORAL SOLUTION","00121-0873-16","-154465","28","15909","1003.65","455.20","-120.49%","-54.65%","0","473"
"ALBUTEROL SULFATE (2.5 MG/3ML) 0.083% INHALATION NEBULIZATION SOLUTION","76204-0200-30","-46710","106","15840","6043.84","1465.93","-312.29%","-75.75%","0","90"
"CETIRIZINE 10MG TAB ***","16571-0402-50","-49070","320","15339","32901.10","3557.29","-824.89%","-89.19%","0","500"
"LOSARTAN 50MG TABLET","65862-0202-99","-46615","203","15240","29653.55","1075.28","-2657.75%","-96.37%","0","1000"
"METFORMIN 500MG TABLET","69367-0180-05","-120513","141","15162","9187.30","408.86","-2147.05%","-95.55%","0","500"
"SUCRALFATE 1 GM/10ML ORAL SUSPENSION","82182-0106-14","-20160","12","15120","7346.88","1974.41","-272.11%","-73.13%","0","420"
"ATORVASTATIN 80MG TABLET ***","60505-2671-08","-63251","199","15000","90000.00","1586.40","-5573.22%","-98.24%","0","1000"
"ZINC OXIDE 20 % EXTERNAL OINTMENT","00536-1316-98","-33596","33","14982","252.45","454.08","44.4%","79.87%","0","454"
"FLUTICASONE 50MCG (NASAL) SUSPENSION","60505-0829-01","-43008","894","14816","55263.68","9412.01","-487.16%","-82.97%","0","16"
"ROSUVASTATIN 40MG TABLET","70377-0009-13","-36120","195","14370","132204.00","1724.00","-7568.45%","-98.7%","0","500"
"SIMVASTATIN 20MG TABLET","16729-0005-17","-43680","199","14160","28320.00","1047.44","-2603.73%","-96.3%","0","1000"
"SENNA 8.6 MG TABLET *NYM*","00904-7252-80","-33961","204","13909","123.18","2368.15","94.8%","1822.51%","0","1000"
"VITAMIN B-12 1000MCG TABLET","10006-0700-22","-42640","235","13870","373.26","363.47","-2.69%","-2.62%","0","130"
"METFORMIN 1000MG TABLET ***","70010-0065-10","-116480","92","13800","17113.58","334.05","-5023.06%","-98.05%","0","1000"
"LANCET UNISTIK 3 COMFORT (NYM)","08470-1042-01","-13600","111","13600","9328.24","5421.07","-72.07%","-41.89%","0","100"
"JANUMET 50-1000MG TABLET","00006-0577-61","-37860","106","13440","143360.00","69317.64","-106.82%","-51.65%","0","60"
"CETIRIZINE HCL 1 MG/ML ORAL SOLUTION","51672-4070-08","-26520","62","13200","3452.90","874.05","-295.05%","-74.69%","0","120"
"ELECTROLYTE (PED)  SOLUTION **","49348-0161-62","-115000","6","13000","130.00","56.75","-129.07%","-56.35%","0","1000"
"VITAMIN D3 25MCG (1000 UT) TABLET *NYM*","80681-0168-00","-36176","210","12840","240.90","120.61","-99.73%","-49.93%","0","90"
"METOPROLOL SUCCINATE 50MG TABLET ER","45963-0676-96","-41707","153","12765","11568.09","1381.85","-737.15%","-88.05%","0","1000"
"LOSARTAN POTASSIUM 25MG TABLET","68180-0376-03","-38583","188","12690","18362.38","873.24","-2002.79%","-95.24%","0","1000"
"RENA-VITE  TABLET","60258-0160-01","-12478","206","12208","1196.38","743.37","-60.94%","-37.87%","0","100"
"CARVEDILOL 6.25MG TAB ***","68382-0093-05","-35128","76","12060","28944.00","199.26","-14425.75%","-99.31%","0","500"
"ACETAMINOPHEN 500MG TABLET NYM","00904-6720-80","-57150","122","11996","299.92","1285.70","76.67%","328.68%","0","1000"
"REFRESH OPTIVE 0.5-0.9% SOLUTION","00023-3240-15","-38670","722","11910","15880.00","14637.97","-8.48%","-7.82%","0","15"
"KETOCONAZOLE 2% SHAMPOO","45802-0465-64","-76680","99","11880","1920.60","1157.90","-65.87%","-39.71%","0","120"
"LANCETS PRODIGY","08484-0810-28","-137400","87","11500","1175.30","913.45","-28.67%","-22.28%","0","100"
"FAMOTIDINE 20MG TABLET","67877-0842-10","-11563","147","11393","23729.21","663.14","-3478.31%","-97.21%","0","1000"
"ATORVASTATIN 80MG  TABLET","70377-0080-13","-11370","148","11040","54817.28","1131.25","-4745.73%","-97.94%","0","1000"
"LIDOCAINE PAIN RELIEF 4 % EXTERNAL PATCH","00536-1202-07","-18905","312","10890","17387.90","11578.88","-50.17%","-33.41%","0","30"
"CHLORHEXIDINE GLUCONATE 0.12% SOLUTION","00121-0893-16","-116831","23","10879","237.36","158.16","-50.08%","-33.37%","0","473"
"FAMOTIDINE 20MG TABLET","00172-5728-70","-41542","122","10663","22210.50","652.59","-3303.44%","-97.06%","0","500"
"JANUVIA 100MG TAB","00006-0277-31","-33954","133","10650","227200.00","86129.72","-163.79%","-62.09%","0","30"
"AMLODIPINE 2.5MG TABLET","67877-0197-10","-30080","130","10560","21120.00","375.12","-5530.2%","-98.22%","0","1000"
"MAGNESIUM OXIDE 400MG TABLET","10006-0730-38","-26600","162","10480","537.25","156.34","-243.64%","-70.9%","0","120"
"CETIRIZINE HCL 5MG/5ML SOLUTION****","51672-2102-08","-27960","49","10320","4300.00","762.71","-463.78%","-82.26%","0","120"
"MONTELUKAST 10MG TABLET ***","13668-0081-05","-46620","178","10230","36005.38","1141.78","-3053.44%","-96.83%","0","500"
"METOPROLOL SUCCINATE 25MG TABLET ER","70436-0202-02","-40499","147","10185","18333.00","998.01","-1736.96%","-94.56%","0","500"
"LISINOPRIL 40MG TABLET","68180-0979-03","-34669","136","10064","13342.51","605.59","-2103.22%","-95.46%","0","1000"
"TRIAMCINOLONE ACETONIDE 0.1% CREAM","67877-0251-45","-26332","22","9988","482.46","309.08","-56.1%","-35.94%","0","454"
"TORSEMIDE 20MG TABLET","50111-0917-03","-27354","82","9937","7016.24","707.59","-891.57%","-89.91%","0","1000"
"GABAPENTIN 250 MG/5ML ORAL SOLUTION","42192-0608-16","-16486","18","9930","7107.32","1120.90","-534.07%","-84.23%","0","470"
"VASCEPA 1GM CAPSULE","52937-0001-20","-27420","54","9840","29879.20","27238.02","-9.7%","-8.84%","0","120"
"FOLIC ACID 1MG TABLET **","69315-0127-10","-32060","165","9750","975.00","1685.96","42.17%","72.92%","0","1000"
"ATORVASTATIN 40MG TABLET","75834-0257-01","-22424","128","9690","48114.08","933.31","-5055.21%","-98.06%","0","1000"
"OXYCODONE-ACETAMINOPHEN 10-325MG TABLET","47781-0230-01","25","103","9665","29513.79","2013.54","-1365.77%","-93.18%","0","100"
"ATORVASTATIN 10MG TAB ***","60505-2578-08","-40920","167","9660","48300.00","515.28","-9273.54%","-98.93%","0","1000"
"AMMONIUM LACTATE 12%CREAM 385GM","45802-0493-26","-87290","25","9625","1077.25","546.90","-96.97%","-49.23%","0","385"
"SODIUM CHLORIDE 0.9 % INHALATION NEBULIZATION SOLUTION","76204-0300-03","-30000","32","9600","756.80","849.76","10.94%","12.28%","0","300"
"NA SULFATE-K SULFATE-MG SULF 17.5-3.13-1.6 GM/177ML ORAL SOLUTION","67877-0725-92","-9912","25","9558","2732.94","1225.62","-122.98%","-55.15%","0","354"
"TRAZODONE 50MG TABLET","50111-0560-03","-30883","188","9485","5219.09","884.16","-490.29%","-83.06%","0","1000"
"LACTULOSE ENCEPHALOPATHY 10 GM/15ML ORAL SOLUTION","64980-0592-48","-9460","8","9460","596.80","198.76","-200.26%","-66.7%","0","473"
"AMMONIUM LACTATE 12 % EXTERNAL LOTION","51672-1300-05","-27175","41","9400","1974.22","383.64","-414.6%","-80.57%","0","225"
"IBUPROFEN 600MG TAB ***","67877-0320-05","-26404","180","9390","3385.50","1084.51","-212.17%","-67.97%","0","500"
"ACETAMINOPHEN 325MG TABLET","00536-1327-10","-22035","124","9337","101.35","1214.13","91.65%","1097.96%","0","1000"
"ACETAMINOPHEN ER 650MG TABLET ER","00904-7314-27","-21676","115","9088","743.14","1555.25","52.22%","109.28%","0","400"
"ALBUTEROL SULFATE HFA 108 (90 BASE)MCG/ACT AEROSOL","68180-0963-01","-23138","821","9052.5","90525.00","22138.36","-308.91%","-75.54%","0","8.5"
"A&D EXTERNAL OINTMENT","70000-0358-01","-14875","21","8925","260.26","252.21","-3.19%","-3.09%","0","425"
"METOPROLOL SUCCINATE ER 25MG TABLET","70010-0780-05","-9301","115","8865","9309.05","857.57","-985.51%","-90.79%","0","500"
"ATORVASTATIN 10MG TABLET","70377-0077-13","-9556","138","8730","30388.36","693.34","-4282.89%","-97.72%","0","1000"
"IBUPROFEN 800MG TAB ****","67877-0321-05","-20858","155","8696","4900.48","1013.41","-383.56%","-79.32%","0","500"
"IBUPROFEN 100 MG/5ML SUSPENSION","59651-0032-12","-10916","47","8640","1342.08","669.29","-100.52%","-50.13%","0","120"
"TRIAMCINOLONE ACETONIDE 0.1 % EXTERNAL OINTMENT","33342-0333-80","-17200","107","8560","1166.30","1169.60","0.28%","0.28%","0","80"
"PROMETHAZINE HCL 6.25 MG/5ML ORAL SOLUTION","70752-0138-12","-10451","30","8551","746.29","380.86","-95.95%","-48.97%","0","473"
"NAPROXEN 500MG TABLET","65862-0522-05","-32385","154","8519","8293.02","1059.53","-682.71%","-87.22%","0","500"
"CARVEDILOL 25MG TAB ***","68382-0095-05","-41658","62","8400","20160.00","261.11","-7620.88%","-98.7%","0","500"
"FINASTERIDE 5MG TAB ***","16729-0090-16","-23996","124","8340","18249.93","544.28","-3253.04%","-97.02%","0","500"
"GABAPENTIN 600MG TABLET","65862-0523-05","-32182","71","8222","17862.72","516.27","-3359.96%","-97.11%","0","500"
"VITAMIN D 2 000 U TABLET","80681-0132-00","-26070","153","8220","282.22","197.32","-43.03%","-30.08%","0","500"
"LISINOPRIL 20MG TABLET","68180-0981-03","-29105","108","8220","8220.00","485.97","-1591.46%","-94.09%","0","1000"
"LANCETS EASY COMFORT","91237-0001-16","-57200","63","8200","4510.00","2553.37","-76.63%","-43.38%","0","100"
"ACETAMINOPHEN EXTRA STRENGTH 500 MG ORAL TABLET","00904-6730-80","-20313","87","8195","172.09","1005.05","82.88%","484.03%","0","1000"
"LACTULOSE 10 GM/15ML ORAL SOLUTION","00116-4005-16","-8048","18","8048","507.72","177.92","-185.36%","-64.96%","0","473"
"OYSTER SHELL CALCIUM/D TABLET****","00904-5460-80","-26450","59","8040","206.36","186.38","-10.72%","-9.68%","0","1000"
"FARXIGA 10MG TABLET****","00310-6210-30","-22408","110","7980","178220.00","134490.58","-32.51%","-24.54%","0","30"
"FAMOTIDINE 40MG TABLET","00172-5729-70","-39267","152","7927","37111.04","750.07","-4847.68%","-97.98%","0","500"
"METFORMIN ER 500MG TAB ***","62756-0142-02","-36870","76","7770","4052.32","661.03","-513.03%","-83.69%","0","500"
"ICOSAPENT ETHYL 1GM CAPSULE","60505-4033-01","-14040","28","7440","20119.00","4322.88","-365.41%","-78.51%","0","120"
"CLOPIDOGREL 75 MG TABLET","55111-0196-05","-38495","97","7410","59280.00","684.52","-8560.08%","-98.85%","0","500"
"SACUBITRIL-VALSARTAN 24-26 MG ORAL TABLET","72205-0280-60","-7560","46","7380","86459.16","9720.46","-789.46%","-88.76%","0","60"
"LISINOPRIL 10MG TABLET","68180-0980-03","-27101","100","7290","5021.13","356.60","-1308.06%","-92.9%","0","1000"
"LINZESS 145MCG CAPSULE***","00456-1201-30","-14670","179","7260","157300.00","106426.23","-47.8%","-32.34%","0","30"
"MONTELUKAST 10MG TAB ***","29300-0220-10","-7350","122","7260","35276.34","917.38","-3745.34%","-97.4%","0","1000"
"IBUPROFEN 600 MG TABLET","69367-0395-05","-7606","149","7251","3414.40","835.52","-308.66%","-75.53%","0","500"
"MECLIZINE HCL 25MG TABLET","59746-0121-10","-12254","112","7044","2431.03","820.51","-196.28%","-66.25%","0","1000"
"PEN NEEDLE 31G X 4 MM QUICK TOUCH INSULIN","73317-6666-04","-7009","59","7009","8924.56","8054.73","-10.8%","-9.75%","0","100"
"ELIQUIS 2.5MG TAB ***","00003-0893-21","-17552","64","6960","75400.00","52327.48","-44.09%","-30.6%","0","60"
"MELOXICAM 15MG TAB ***","69097-0159-12","-18943","215","6939","23527.97","963.77","-2341.24%","-95.9%","0","500"
"ALCOHOL PADS EASY COMFORT  ALPINE *****","91237-0001-28","-26900","47","6800","4080.00","1467.29","-178.06%","-64.04%","0","100"
"METOPROLOL SUCCINATE ER 100MG TABLET","72516-0032-10","-14460","89","6765","11024.72","1214.72","-807.59%","-88.98%","0","1000"
"FAMOTIDINE 40MG TABLET","70756-0052-12","-6794","107","6644","26750.37","530.48","-4942.67%","-98.02%","0","1000"
"BACLOFEN 10MG TAB ***","00172-4096-80","-16105","86","6600","12840.98","532.26","-2312.54%","-95.85%","0","1000"
"OMEGA-3-ACID ETHYL ESTERS 1 GM ORAL CAPSULE","65162-0034-16","-13560","45","6600","13482.25","1756.63","-667.51%","-86.97%","0","120"
"GLIPIZIDE 10MG TAB ***","60505-0142-01","-15404","59","6480","2567.53","324.80","-690.5%","-87.35%","0","1000"
"NIFEDIPINE 60MG TABLET ER","50742-0261-03","-18423","70","6420","12514.01","1293.02","-867.81%","-89.67%","0","300"
"ROSUVASTATIN 20MG TABLET","72205-0004-99","-29325","82","6420","49386.92","427.28","-11458.44%","-99.13%","0","1000"
"ACCU-CHEK GUIDE IN VITRO STRIP","65702-0711-10","-6900","49","6400","2641.92","2416.79","-9.32%","-8.52%","0","50"
"HYDROCHLOROTHIAZIDE 12.5MG CAPSULE","50228-0146-10","-26160","77","6330","2192.96","280.20","-682.64%","-87.22%","0","1000"
"ESCITALOPRAM 10MG TABLET","13668-0136-10","-18547","142","6267","23319.13","823.23","-2732.64%","-96.47%","0","1000"
"CLOTRIMAZOLE-BETAMETHASONE 1-0.05 % EXTERNAL CREAM","00168-0258-46","-16560","117","6255","8834.26","2463.95","-258.54%","-72.11%","0","45"
"FLUTICASONE-SALMETEROL 250-50 MCG/ACT INH AEROSOL","00054-0327-56","-16260","80","6240","40165.84","6612.32","-507.44%","-83.54%","0","60"
"HYDRALAZINE 25MG TAB ***","23155-0002-10","-18570","41","6210","3148.47","249.82","-1160.3%","-92.07%","0","1000"
"ALCOHOL PREP 70 % PAD CVS","00536-1103-01","-6200","31","6200","143.22","123.06","-16.38%","-14.08%","0","100"
"CALCIUM CARBONATE ANTACID 1250 MG/5ML ORAL SUSPENSION","00121-0766-16","-8514","13","6149","136.24","244.27","44.23%","79.29%","0","473"
"CYCLOBENZAPRINE 10MG TABLET","10702-0007-50","-28561","115","6025","6049.38","683.36","-785.24%","-88.7%","0","500"
"CETIRIZINE 5 MG/5ML SOLUTION","00904-6765-20","-6142","26","6024","255.25","370.39","31.09%","45.11%","0","118"
"ONETOUCH ULTRA BLUE  STRIP*****","53885-0244-50","-29400","44","6000","18000.00","9018.18","-99.6%","-49.9%","0","50"
"CARVEDILOL 25 MG TABLET ***","72888-0037-00","-6090","41","6000","11026.29","242.61","-4444.86%","-97.8%","0","1000"
"FUROSEMIDE 20MG TAB ***","69315-0116-10","-12350","89","5902","578.41","247.43","-133.77%","-57.22%","0","1000"
"SIMVASTATIN 40MG TABLET","16729-0006-17","-21658","77","5730","28174.98","578.03","-4774.31%","-97.95%","0","1000"
"VITAMIN B COMPLEX  CAPSULE * NYM*","00536-4787-01","-21330","85","5730","744.90","412.04","-80.78%","-44.69%","0","100"
"HYDROXYZINE HCL 25MG TABLET","23155-0501-10","-16273","92","5724","3188.94","590.77","-439.79%","-81.47%","0","1000"
"LOSARTAN HCTZ 100-25MG TABLET","00093-7368-10","-12734","68","5700","16704.80","758.94","-2101.07%","-95.46%","0","1000"
"SPS 15GM/60ML SUSPENSION","46287-0006-01","-17028","1","5676","715.20","1417.16","49.53%","98.15%","0","473"
"GABAPENTIN 400MG CAPSULE","67877-0224-10","-24720","48","5670","7833.62","238.41","-3185.78%","-96.96%","0","1000"
"JANUVIA 50MG TABLET","00006-0112-31","-12180","76","5610","119680.00","44835.97","-166.93%","-62.54%","0","30"
"LINZESS 290MCG CAP ***","00456-1202-30","-12330","104","5550","111000.00","77628.74","-42.99%","-30.06%","0","30"
"TRELEGY ELLIPTA 100-62.5-25MCG/INH AEROSOL","00173-0887-10","-18420","50","5520","51830.04","59249.44","12.52%","14.31%","0","60"
"LISINOPRIL 5MG TABLET","68180-0513-03","-17280","61","5490","3658.72","163.93","-2131.88%","-95.52%","0","1000"
"METFORMIN 850 MG TABLET","70010-0064-10","-20654","34","5490","5642.16","123.79","-4457.85%","-97.81%","0","1000"
"TRIAMCINOLONE 0.1% EXTERNAL OINTMENT","33342-0333-54","-18614","12","5448","426.60","261.20","-63.32%","-38.77%","0","454"
"ATOVAQUONE 750 MG/5ML ORAL SUSPENSION","31722-0629-21","-6030","19","5430","35063.32","3176.50","-1003.84%","-90.94%","0","210"
"DONEPEZIL 10MG TAB ***","43547-0276-11","-16845","97","5412","47625.60","361.04","-13091.23%","-99.24%","0","1000"
"SYSTANE PRESERVATIVE FREE 0.4-0.3 % OPHTHALMIC SOLUTION","00065-0431-33","-8340","157","5400","1940.40","2998.67","35.29%","54.54%","0","30"
"LOSARTAN-HCTZ 50-12.5 MG TABLET","33342-0050-44","-10200","76","5400","11614.88","553.74","-1997.53%","-95.23%","0","1000"
"ROSUVASTATIN 20MG TABLET","68462-0263-10","-5430","78","5340","41078.34","439.60","-9244.48%","-98.93%","0","1000"
"TRAZODONE 100MG TABLET","50111-0561-03","-19973","104","5324","5018.76","666.24","-653.3%","-86.73%","0","1000"
"SPIRONOLACTONE 25MG TABLET","16729-0225-16","-22745","85","5295","2038.64","523.15","-289.69%","-74.34%","0","500"
"KETOCONAZOLE 2% CREAM","00168-0099-60","-22500","86","5280","4875.20","1679.29","-190.31%","-65.55%","0","60"
"CLOTRIMAZOLE 1 % SOLUTION ***","52817-0800-30","-19140","171","5250","13569.70","5234.05","-159.26%","-61.43%","0","30"
"ALBUTEROL HFA 108  MCG/AC (VENTOLIN 18GM) ***","66993-0019-68","-25722","203","5166","22960.00","8410.86","-172.98%","-63.37%","0","18"
"ACCU-CHEK SOFTCLIX LANCETS","50924-0971-10","-6000","40","5100","631.38","557.43","-13.27%","-11.71%","0","100"
"CLOPIDOGREL BISULFATE 75 MG ORAL TABLET","43598-0121-05","-5847","65","5054","30256.09","373.69","-7996.57%","-98.76%","0","500"
"LISINOPRIL-HCTZ 20-12.5MG TAB ***","68180-0519-02","-13410","60","5040","4279.48","231.06","-1752.11%","-94.6%","0","500"
"METOPROLOL TARTRATE 25MG TABLET","57237-0100-99","-12510","34","5040","1051.11","148.13","-609.59%","-85.91%","0","1000"
"MIRTAZAPINE 15MG TABLET","13107-0031-05","-13959","114","5025","11668.05","747.12","-1461.74%","-93.6%","0","500"
"PIOGLITAZONE 30MG TABLET","57237-0220-05","-11052","69","5010","46132.57","442.74","-10319.79%","-99.04%","0","500"
"CYCLOBENZAPRINE 10MG TABLET","72888-0014-00","-5137","88","5003","4696.17","443.15","-959.72%","-90.56%","0","1000"
"LEVOTHYROXINE 75MCG TABLET","68180-0967-03","-15914","73","4958","2336.89","1080.30","-116.32%","-53.77%","0","1000"
"SPIRONOLACTONE 25MG TABLET","68382-0660-10","-5520","78","4905","1825.12","435.47","-319.11%","-76.14%","0","1000"
"LEVOTHYROXINE 88MCG TABLET","68180-0968-03","-13402","74","4860","2330.74","793.01","-193.91%","-65.98%","0","1000"
"IPRATROPIUM-ALBUTEROL 0.5-2.5 (3)MG/3ML SOLUTION","69097-0173-53","-10710","25","4860","3240.00","317.91","-919.16%","-90.19%","0","90"
"DONEPEZIL 5MG TAB ***","43547-0275-11","-12316","71","4830","42504.00","165.16","-25635.04%","-99.61%","0","1000"
"ALBUTEROL SULFATE (2.5 MG/3ML) 0.083% INHALATION NEBULIZATION SOLUTION","47335-0703-52","-15120","34","4770","1820.02","374.94","-385.42%","-79.4%","0","90"
"PRENATAL VITAMINS 28-0.8 MG TABLET","00536-4085-01","-8230","78","4750","253.73","189.05","-34.21%","-25.49%","0","100"
"METOPROLOL SUCCINATE ER 100MG TABLET","70010-0782-05","-4980","56","4710","7675.75","969.64","-691.61%","-87.37%","0","500"
"ACETAMINOPHEN 325 MG TABLET * TYLENOL REGULAR","00536-1327-01","-29542","63","4678","1403.40","675.39","-107.79%","-51.87%","0","100"
"TICAGRELOR 90 MG ORAL TABLET","67877-0491-60","-4560","29","4560","32696.72","4056.30","-706.07%","-87.59%","0","60"
"LOSARTANHCTZ 100-12.5 MG TABLET","33342-0051-44","-8730","62","4500","13185.00","558.94","-2258.93%","-95.76%","0","1000"
"LISINOPRIL-HCTZ 20-25MG TAB ***","68180-0520-02","-14180","61","4470","3842.32","287.46","-1236.65%","-92.52%","0","500"
"MECLIZINE 12.5MG TABLET","00536-1297-10","-11094","69","4468","122.56","771.34","84.11%","529.36%","0","1000"
"MEMANTINE 10MG TABLET","33342-0298-15","-13950","80","4440","23269.47","586.37","-3868.39%","-97.48%","0","500"
"CLONAZEPAM 2MG TABLET","59651-0724-05","530","64","4418","4499.04","488.12","-821.71%","-89.15%","0","500"
"LOSARTAN-HCTZ 100-25MG TABLET","43547-0424-09","-13934","63","4410","12922.77","548.13","-2257.61%","-95.76%","0","90"
"CARVEDILOL 3.125MG TAB ***","68382-0092-05","-13080","30","4380","10512.00","58.42","-17893.84%","-99.44%","0","500"
"GLIPIZIDE ER 10MG TABLET","59651-0270-05","-16756","45","4380","3033.41","542.69","-458.96%","-82.11%","0","500"
"GABAPENTIN 400MG CAP ***","67877-0224-05","-4380","50","4380","4924.03","296.80","-1559.04%","-93.97%","0","500"
"VITAMIN C 500MG TABLET","00904-0523-60","-20668","89","4329","174.89","82.56","-111.83%","-52.79%","0","100"
"FREESTYLE LITE TEST  STRIP*****","99073-0708-22","-31550","34","4300","17200.00","5476.75","-214.05%","-68.16%","0","50"
"ROSUVASTATIN 10MG TABLET","70377-0007-13","-14830","57","4290","33001.11","382.86","-8519.63%","-98.84%","0","500"
"SALINE MIST SPRAY 0.65 % NASAL SOLUTION *NYM*","45802-0357-58","-7965","94","4230","681.09","151.30","-350.16%","-77.79%","0","45"
"LAMOTRIGINE 25MG TABLET","65862-0227-01","-5867","22","4200","15024.71","154.52","-9623.47%","-98.97%","0","100"
"BREO ELLIPTA 100-25 MCG/ACT INH AEROSOL","00173-0859-10","-10140","38","4200","28560.70","26547.11","-7.58%","-7.05%","0","60"
"METFORMIN HCL 850 MG ORAL TABLET","70010-0064-05","-6630","35","4170","4292.83","262.71","-1534.06%","-93.88%","0","500"
"LEVOTHYROXINE 100MCG TABLET","68180-0969-03","-16290","75","4170","2015.18","982.44","-105.12%","-51.25%","0","1000"
"IBUPROFEN 400MG TABLET","67877-0319-05","-6906","97","4124","987.21","720.83","-36.95%","-26.98%","0","500"
"NIFEDIPINE 30MG TABLET ER","50742-0260-03","-12909","56","4110","4631.30","624.93","-641.09%","-86.51%","0","300"
"SODIUM BICARBONATE 650MG TABLET","00536-1047-10","-22440","34","4110","111.87","398.95","71.96%","256.62%","0","1000"
"ESCITALOPRAM 20MG TABLET","43547-0282-11","-6694","121","4098","12966.07","942.81","-1275.26%","-92.73%","0","1000"
"HYDRALAZINE HCL 50MG TABLET","23155-0003-10","-18639","24","4050","1957.50","230.75","-748.32%","-88.21%","0","1000"
"ZOLPIDEM TARTRATE 10MG TAB ***","13668-0008-05","550","139","4050","13112.51","386.87","-3289.38%","-97.05%","0","500"
"KERENDIA 10 MG TABLET","50419-0540-01","-9690","46","4020","97820.00","87728.31","-11.5%","-10.32%","0","30"
"CALCIUM CARBONATE 500MG TABLET CHEWABLE","00536-1007-15","-13300","34","4000","77.33","408.82","81.08%","428.67%","0","150"
"GLIPIZIDE 5MG TAB ***","60505-0141-01","-14350","48","3990","882.72","164.24","-437.46%","-81.39%","0","1000"
"FAMOTIDINE 20MG TABLET","00172-5728-60","-27259","45","3909","8141.95","172.47","-4620.79%","-97.88%","0","100"
"HYDROCORTISONE 2.5% CREAM","00168-0080-31","-14580","99","3900","1543.06","764.85","-101.75%","-50.43%","0","30"
"ASPIRIN 81 MG ORAL TABLET CHEWABLE","00904-4040-73","-7259","70","3806","88.81","648.32","86.3%","630.01%","0","36"
"HYDRALAZINE HCL 25 MG TABLET","23155-0833-10","-3780","21","3780","1648.14","106.26","-1451.04%","-93.55%","0","1000"
"LEVOTHYROXINE 25MCG TABLET","68180-0965-03","-10978","51","3750","1409.12","561.57","-150.93%","-60.15%","0","1000"
"VITAMIN D 10MCG/ML LIQUID","54838-0006-50","-9480","34","3750","1611.75","181.10","-789.98%","-88.76%","0","50"
"CARVEDILOL 12.5MG TABLET","72888-0036-00","-4392","31","3720","6357.64","156.02","-3974.89%","-97.55%","0","1000"
"QUETIAPINE 50MG TABLET","67877-0249-10","-9136","73","3674","20757.18","382.35","-5328.84%","-98.16%","0","1000"
"ACETAMINOPHEN CHILDRENS 160 MG/5ML ORAL SUSPENSION","45802-0201-26","-7780","20","3650","80.42","203.34","60.45%","152.85%","0","118"
"CHLORTHALIDONE 25 MG TABLET","43598-0719-10","-16860","59","3600","3735.93","349.48","-969%","-90.65%","0","1000"
"CARVEDILOL 12.5MG TAB ***","68382-0094-05","-18486","31","3600","8640.00","111.65","-7638.47%","-98.71%","0","500"
"ROSUVASTATIN 5MG TABLET","70377-0006-13","-8670","57","3570","27462.51","230.05","-11837.63%","-99.16%","0","500"
"XARELTO 20MG TAB","50458-0579-30","-8790","48","3540","82600.00","52063.36","-58.65%","-36.97%","0","30"
"SACUBITRIL-VALSARTAN 97-103 MG ORAL TABLET","72205-0282-60","-3540","21","3540","41572.58","3083.86","-1248.07%","-92.58%","0","60"
"HYDROXYCHLOROQUINE 200MG TABLET","16729-0485-16","-16410","27","3510","12289.15","755.09","-1527.51%","-93.86%","0","500"
"DICLOFENAC SOD 50MG TAB DR ***","61442-0102-01","-5838","68","3493","2467.20","654.05","-277.22%","-73.49%","0","100"
"FLUOCINONIDE 0.05% EXTERNAL SOLUTION","51672-1273-04","-10500","58","3480","5780.86","1711.34","-237.8%","-70.4%","0","60"
"PROPRANOLOL 10MG TABLET ***","69238-2077-01","-10212","35","3480","1219.78","356.38","-242.27%","-70.78%","0","100"
"MULTIVITAMIN CHILDRENS TABLET CHEWABLE","80681-0049-00","-7902","102","3476","100.73","60.41","-66.74%","-40.03%","0","100"
"VALSARTAN 320MG TABLET","00378-5815-77","-8320","39","3450","19564.57","1098.89","-1680.39%","-94.38%","0","90"
"LEVOTHYROXINE 125MCG TABLET","68180-0971-03","-9286","57","3450","1954.71","652.95","-199.37%","-66.6%","0","1000"
"DULOXETINE 30MG CAPSULE DR","57237-0018-99","-14595","58","3420","23093.03","331.41","-6868.12%","-98.56%","0","1000"
"CYCLOBENZAPRINE 5MG TABLET","10702-0006-10","-12158","72","3381","4077.70","415.31","-881.84%","-89.82%","0","1000"
"BUPROPION HCL ER (XL) 150MG","68180-0319-02","-10904","78","3366","13817.53","762.03","-1713.25%","-94.49%","0","500"
"LEVETIRACETAM 500MG TAB ***","31722-0537-05","-15495","24","3360","10154.88","391.89","-2491.26%","-96.14%","0","500"
"TOPIRAMATE 25MG TABLET","68382-0138-05","-7664","51","3353","7366.96","382.00","-1828.52%","-94.81%","0","500"
"LEVETIRACETAM 1000MG TAB ***","31722-0539-60","-7950","27","3330","16400.82","530.21","-2993.27%","-96.77%","0","60"
"CLOTRIMAZOLE 1% CREAM ***","51672-1275-06","-14445","71","3285","2501.71","501.12","-399.22%","-79.97%","0","45"
"PIOGLITAZONE 15MG TABLET","57237-0219-05","-11436","51","3270","19700.66","207.26","-9405.29%","-98.95%","0","500"
"METFORMIN ER 500MG TABLET **","67877-0159-05","-3630","33","3270","2178.15","315.59","-590.18%","-85.51%","0","500"
"SERTRALINE 100MG TABLET","65862-0013-05","-11035","79","3270","8010.22","347.05","-2208.09%","-95.67%","0","500"
"SERTRALINE 25MG TABLET","65862-0011-05","-8750","79","3261","7988.21","636.41","-1155.2%","-92.03%","0","500"
"FUROSEMIDE 40MG TABLET","43547-0402-11","-9606","54","3260","447.40","200.91","-122.69%","-55.09%","0","1000"
"SUCRALFATE 1GM TAB ***","00093-2210-05","-6126","31","3256","2179.21","334.72","-551.05%","-84.64%","0","500"
"BASAGLAR KWIKPEN 100UNIT/ML INJECTION*****","00002-7715-59","-11388","215","3207","87658.00","65341.69","-34.15%","-25.46%","0","15"
"LANTUS SOLOSTAR 100UNIT/ML INJECTION******","00088-2219-05","-6216","207","3189","112678.00","19758.39","-470.28%","-82.46%","0","15"
"ESTRADIOL 0.1 MG/GM VAGINAL CREAM","66993-0002-10","-9435","75","3187.5","20008.50","1872.33","-968.64%","-90.64%","0","42.5"
"LEVETIRACETAM 750MG TABLET","31722-0538-12","-8250","35","3180","10597.88","394.11","-2589.07%","-96.28%","0","120"
"TRELEGY ELLIPTA 200-62.5-25 MCG/ACT INHALATION AER","00173-0893-10","-7080","41","3180","33906.75","34278.77","1.09%","1.1%","0","60"
"OXYCODONE HCL 10 MG ORAL TABLET","10702-0056-01","455","43","3162","1699.61","479.71","-254.3%","-71.78%","0","100"
"LEVOTHYROXINE 50MCG TABLET","68180-0966-03","-10200","67","3150","1343.81","620.22","-116.67%","-53.85%","0","1000"
"TIZANIDINE 2MG TABLET","57664-0502-89","-6309","58","3109","3266.52","398.77","-719.15%","-87.79%","0","150"
"DICLOFENAC SOD 75MG TAB DR ***","61442-0103-05","-9164","53","3090","2426.71","490.67","-394.57%","-79.78%","0","500"
"LABETALOL 200MG TAB ***","68382-0799-01","-7320","13","3090","3507.77","385.68","-809.5%","-89%","0","100"
"BUSPIRONE 10MG TABLET","23155-0024-05","-11460","52","3060","3433.32","206.54","-1562.3%","-93.98%","0","500"
"SERTRALINE 50MG TABLET","65862-0012-05","-8943","85","3029","7419.95","334.54","-2117.96%","-95.49%","0","500"
"ENTRESTO 24-26MG TABLET****","00078-0659-20","-15360","26","3000","39000.00","32577.64","-19.71%","-16.47%","0","60"
"GLIPIZIDE ER 10MG TABLET","59651-0782-05","-3120","32","3000","2077.69","383.98","-441.09%","-81.52%","0","500"
"PEDIALYTE ORAL SOLUTION","70074-0802-40","-4000","2","3000","17.91","17.24","-3.89%","-3.74%","0","1000"
"DOXYCYCLINE HYCLATE 100MG CAPSULE*****","00143-9803-05","-8193","82","2974","14149.40","709.81","-1893.41%","-94.98%","0","500"
"TRIAMCINOLONE ACETONIDE 0.025 % EXTERNAL CREAM ***","45802-0063-36","-8560","37","2960","321.53","284.88","-12.87%","-11.4%","0","80"
"GEMTESA 75MG TABLET","73336-0075-30","-6240","56","2940","47751.48","46750.28","-2.14%","-2.1%","0","30"
"ATENOLOL 50MG TABLET","65862-0169-99","-9965","28","2940","2109.23","169.55","-1144.02%","-91.96%","0","1000"
"LINZESS 72 MCG ORAL CAPSULE","00456-1203-30","-5100","62","2910","51569.08","44034.63","-17.11%","-14.61%","0","30"
"JUNEL FE 1/20 1-20MG TABLET****","00555-9026-58","-5852","47","2884","20600.00","691.89","-2877.35%","-96.64%","0","28"
"ACETAMINOPHEN 160 MG/5ML LIQUID ***** NYM","69367-0323-04","-15932","19","2834","240.17","195.03","-23.15%","-18.8%","0","118"
"CARBIDOPA-LEVODOPA 25-100 MG TABLET ***","00093-9702-10","-19845","18","2820","2538.00","171.48","-1380.06%","-93.24%","0","1000"
"SACUBITRIL-VALSARTAN 49-51 MG ORAL TABLET","72205-0281-60","-2820","19","2820","33077.19","4555.11","-626.16%","-86.23%","0","60"
"VITAMIN B-1 100MG TABLET","80681-0098-00","-13086","49","2816","103.05","103.52","0.45%","0.46%","0","100"
"QUETIAPINE 25MG TABLET","67877-0242-01","-10387","41","2811","9668.67","277.15","-3388.61%","-97.13%","0","100"
"LIDOCAINE VISCOUS 2 % ORAL SOLUTION","00054-3500-49","-6700","17","2800","317.80","194.12","-63.71%","-38.92%","0","100"
"IPRATROPIUM BROMIDE 0.02 % INHALATION SOLUTION","76204-0100-30","-5400","16","2775","1680.17","217.02","-674.2%","-87.08%","0","75"
"RYBELSUS 14MG TABLET","00169-4314-30","-6148","45","2760","88845.32","86922.09","-2.21%","-2.16%","0","30"
"CHLORTHALIDONE 25MG TABLET","70756-0011-12","-2985","40","2745","2848.67","389.16","-632%","-86.34%","0","1000"
"CITALOPRAM 10MG TABLET","69097-0822-12","-7380","41","2640","5410.23","83.36","-6390.2%","-98.46%","0","500"
"LISINOPRIL 2.5MG TABLET","68180-0512-02","-9470","32","2640","2112.00","190.51","-1008.6%","-90.98%","0","500"
"PEN NEEDLES 32G X 4 MM","56151-2114-01","-7880","23","2600","469.56","859.00","45.34%","82.94%","0","100"
"FEXOFENADINE 60MG TABLET","00904-7192-60","-4310","33","2580","480.69","546.06","11.97%","13.6%","0","100"
"LISINOPRIL-HCTZ 10-12.5MG TAB ***","68180-0518-02","-6614","43","2580","2022.72","280.71","-620.57%","-86.12%","0","500"
"ROSUVASTATIN 10 MG ORAL TABLET","69367-0360-05","-2680","36","2580","19111.17","350.88","-5346.64%","-98.16%","0","500"
"CLONIDINE 0.1MG TAB ***","52817-0180-10","-7071","46","2557","662.37","438.13","-51.18%","-33.85%","0","100"
"ALFUZOSIN HCL ER 10 MG TABLET","29300-0155-01","-5133","41","2553","12254.40","172.39","-7008.53%","-98.59%","0","100"
"VITAMIN D 50 000 U CAPSULE","64380-0737-06","-10448","376","2550","10200.00","2648.43","-285.13%","-74.04%","0","100"
"CLOBETASOL PROPIONATE 0.05 % SOLUTION","33342-0321-86","-3700","50","2500","13990.61","2125.19","-558.32%","-84.81%","0","50"
"METOPROLOL TARTRATE 50MG TABLET","57237-0101-99","-7100","18","2490","1165.61","68.52","-1601.12%","-94.12%","0","1000"
"METFORMIN HCL ER 750 MG TABLET","67877-0414-01","-3480","29","2490","2558.93","370.01","-591.58%","-85.54%","0","100"
"PRAVASTATIN 40MG TABLET","00093-7202-10","-6320","28","2460","10143.13","320.78","-3062.02%","-96.84%","0","1000"
"QUETIAPINE FUMARATE 100MG TABLET","67877-0250-01","-4395","52","2460","14512.04","395.13","-3572.73%","-97.28%","0","100"
"TIZANIDINE 4MG TABLET","57664-0503-18","-8029","53","2453","2515.70","229.80","-994.73%","-90.87%","0","1000"
"MYRBETRIQ 50MG TABLET***","00469-2602-30","-7410","46","2400","48000.00","35404.96","-35.57%","-26.24%","0","30"
"AZELASTINE HCL 137 MCG/SPRAY NASAL SOLUTION","65162-0676-84","-5340","80","2400","10015.20","1054.13","-850.09%","-89.47%","0","30"
"SIMVASTATIN 10MG TABLET","70377-0002-15","-9720","40","2400","5811.20","105.23","-5422.38%","-98.19%","0","1000"
"TRADJENTA 5MG TAB ***","00597-0140-30","-8336","28","2400","52000.00","39206.78","-32.63%","-24.6%","0","30"
"BUDESONIDE 0.5MG/2ML INHALATION SUSPENSION","00093-6816-73","-2880","28","2400","11433.60","821.61","-1291.61%","-92.81%","0","60"
"PROPRANOLOL HCL 20 MG ORAL TABLET","69238-2078-07","-2370","23","2370","986.58","207.92","-374.5%","-78.93%","0","1000"
"MEMANTINE 5MG TABLET","61442-0192-05","-2876","36","2370","12417.86","350.74","-3440.47%","-97.18%","0","500"
"GLIPIZIDE 5MG TABLET ER","59651-0269-05","-9631","24","2340","818.22","202.48","-304.1%","-75.25%","0","500"
"VALACYCLOVIR 500MG TABLET","57237-0042-30","-8457","77","2312","14363.84","875.18","-1541.24%","-93.91%","0","30"
"SYNJARDY XR 12.5-1000 MG TABLET ER","00597-0300-45","-4350","16","2310","21794.85","18156.21","-20.04%","-16.69%","0","60"
"AMOXICILLIN 400MG/5ML FOR SUSPENSION","00093-4161-73","-12550","16","2300","460.00","222.23","-106.99%","-51.69%","0","100"
"FUROSEMIDE 20MG TABLET ***","43547-0401-11","-20998","38","2295","321.11","144.38","-122.41%","-55.04%","0","1000"
"NYSTATIN 100000UNIT/GM CREAM","45802-0059-11","-5940","50","2280","1396.88","673.26","-107.48%","-51.8%","0","30"
"RANOLAZINE ER 500 MG ORAL TABLET EXTENDED RELEASE 12 HOUR","31722-0668-60","-2580","22","2280","14509.54","266.69","-5340.6%","-98.16%","0","60"
"LORATADINE CHILDRENS 5 MG/5ML ORAL SOLUTION","51672-2131-08","-4560","9","2280","161.69","187.86","13.93%","16.19%","0","120"
"LORATADINE CHILDRENS 5 MG/5ML ORAL SOLUTION","00904-6767-20","-2280","9","2280","95.19","179.73","47.04%","88.81%","0","120"
"HYDROCORTISONE 2.5 % EXTERNAL OINTMENT","45802-0014-05","-5902","5","2270","250.80","133.56","-87.78%","-46.75%","0","454"
"HYDROXYZINE HCL 50MG TABLET","23155-0502-10","-3960","22","2250","2035.52","331.75","-513.57%","-83.7%","0","1000"
"LEVOCETIRIZINE 5MG TABLET","31722-0551-90","-7312","35","2250","5952.97","208.09","-2760.77%","-96.5%","0","90"
"LOKELMA 10GM PACK","00310-1110-30","-4590","71","2220","76090.01","61375.44","-23.97%","-19.34%","0","30"
"CLONAZEPAM 1MG TABLET","00093-3212-01","326","48","2220","1632.52","253.41","-544.22%","-84.48%","0","100"
"ENTRESTO 97-103MG TABLET","00078-0696-20","-8520","15","2220","22604.78","24262.73","6.83%","7.33%","0","60"
"JANUMET 50-500 MG ORAL TABLET","00006-0575-61","-2520","21","2220","12600.72","11496.38","-9.61%","-8.76%","0","60"
"METOCLOPRAMIDE 10MG TAB ***","00093-2203-05","-6132","19","2197","492.17","196.78","-150.11%","-60.02%","0","500"
"TOPIRAMATE 50MG TAB ***","68382-0139-05","-10310","42","2190","9603.15","233.72","-4008.83%","-97.57%","0","500"
"CLINDAMYCIN PHOSPHATE 1 % EXTERNAL LOTION","21922-0036-01","-3960","30","2160","6480.00","659.89","-881.98%","-89.82%","0","60"
"SENNA 8.8 MG/5ML ORAL LIQUID","00536-1266-59","-2449","14","2149","97.72","220.01","55.58%","125.14%","0","237"
"TORSEMIDE 10MG TABLET","31722-0530-01","-5257","31","2130","1287.23","134.20","-859.19%","-89.57%","0","100"
"ATENOLOL-CHLORTHALIDONE 100-25 MG TABLET","70710-1168-01","-5190","40","2100","4778.05","1033.18","-362.46%","-78.38%","0","100"
"CLOBETASOL PROPIONATE 0.05% OINTMENT","51672-1259-03","-6720","35","2100","21800.00","3318.80","-556.86%","-84.78%","0","60"
"OXYCODONE-ACETAMINOPHEN 10-325 MG ORAL TABLET","47781-0230-63","20","21","2098","6406.60","532.90","-1102.21%","-91.68%","0","250"
"OXYCODONE 15 MG TABLET ***","47781-0264-05","558","23","2092","3409.01","487.79","-598.87%","-85.69%","0","500"
"TRIAMCINOLONE 0.1% CREAM ***","45802-0064-36","-11440","26","2080","230.10","191.10","-20.41%","-16.95%","0","80"
"MECLIZINE 25MG TABLET","65162-0442-10","-25679","37","2074","716.00","280.48","-155.28%","-60.83%","0","100"
"MEMANTINE 5MG TABLET","72578-0003-05","-10388","34","2070","10089.16","242.27","-4064.43%","-97.6%","0","500"
"TRETINOIN 0.025 % EXTERNAL CREAM","51672-1407-09","-4050","46","2070","9556.04","3026.59","-215.74%","-68.33%","0","45"
"METFORMIN 750MG TABLET ER","51224-0107-60","-7650","15","2070","1917.66","74.46","-2475.42%","-96.12%","0","500"
"MUPIROCIN 2 % EXTERNAL OINTMENT","51672-1312-01","-5400","81","2070","2023.08","744.76","-171.64%","-63.19%","0","15"
"LEVOTHYROXINE 112MCG TABLET","68180-0970-03","-8310","29","2070","1156.64","508.59","-127.42%","-56.03%","0","1000"
"SYNJARDY 12.5-1000MG TABLET****","00597-0168-60","-3870","18","2070","17547.39","18090.36","3%","3.09%","0","60"
"LIDOCAINE 4 % CREAM","70000-0098-01","-3213","27","2065.5","157.68","381.39","58.66%","141.88%","0","76.5"
"POTASSIUM ER 20MEQ TABLET","00832-5325-10","-7983","33","2043","1102.31","428.10","-157.49%","-61.16%","0","1000"
"MELOXICAM 7.5MG TAB ***","69097-0158-15","-4087","57","2041","5561.13","276.46","-1911.55%","-95.03%","0","1000"
"CYCLOSPORINE 0.05 % OPHTHALMIC EMULSION","00378-8760-91","-4260","20","2040","21521.32","5170.36","-316.24%","-75.98%","0","60"
"POLYETHYLENE GLYCOL 3350 17GM/SCOOP POWDER","45802-0868-03","-35190","4","2040","60.92","68.05","10.48%","11.7%","0","510"
"RYBELSUS 7MG TABLET","00169-4307-30","-7550","36","2010","73700.00","62398.76","-18.11%","-15.33%","0","30"
"PROPRANOLOL HCL 20 MG/5ML ORAL SOLUTION","00054-3727-63","-7500","4","2000","226.64","234.12","3.19%","3.3%","0","500"
"TRIAMCINOLONE ACETONIDE 0.1 % EXTERNAL CREAM","21922-0062-15","-2000","25","2000","270.75","187.50","-44.4%","-30.75%","0","80"
"ALLOPURINOL 100 MG TABLET","00378-0137-10","-5743","40","1980","1188.00","143.17","-729.78%","-87.95%","0","1000"
"RYBELSUS 3MG TABLET","00169-4303-30","-6240","34","1980","72600.00","62326.46","-16.48%","-14.15%","0","30"
"URSODIOL 300MG CAPSULE","69238-1540-01","-3960","20","1980","12517.32","1109.22","-1028.48%","-91.14%","0","100"
"ATENOLOL-CHLORTHALIDONE 50-25MG TABLET","70710-1167-01","-6378","30","1980","3207.12","404.20","-693.45%","-87.4%","0","100"
"LABETALOL 100MG TAB ***","68382-0798-05","-7770","11","1980","1088.34","216.57","-402.53%","-80.1%","0","500"
"MYCOPHENOLATE MOFETIL 500MG TABLET","64380-0725-07","-8430","11","1980","13496.12","1518.48","-788.79%","-88.75%","0","500"
"BISACODYL 5MG TABLET DR","00904-6748-60","-6891","56","1934","30.82","591.43","94.79%","1818.98%","0","100"
"ADVAIR DISKUS 250-50MCG/DOSE AEROSOL 60EA***","00173-0696-00","-13440","16","1920","15744.00","5964.25","-163.97%","-62.12%","0","60"
"CICLOPIROX 1 % EXTERNAL SHAMPOO","45802-0401-09","-2280","16","1920","1483.00","548.84","-170.21%","-62.99%","0","120"
"ENALAPRIL 20MG TABLET","23155-0773-10","-5100","26","1920","5376.00","223.21","-2308.49%","-95.85%","0","1000"
"ACETAMINOPHEN 160 MG/5ML ORAL SOLUTION","57237-0304-12","-1908","5","1908","82.79","69.86","-18.51%","-15.62%","0","118"
"POLYETHYLENE GLYCOL 3350 17GM/SCOOP POWDER","51991-0961-58","-18802","8","1904","32.64","99.02","67.04%","203.37%","0","238"
"ESCITALOPRAM 5MG TABLET","13668-0135-10","-5550","47","1899","6757.82","124.78","-5315.79%","-98.15%","0","1000"
"AMLODIPINE-BENAZEPRIL 10-20MG CAPSULE","68180-0472-01","-6319","21","1890","8505.00","224.73","-3684.54%","-97.36%","0","100"
"HYDRALAZINE 100MG TAB ***","23155-0004-01","-6360","9","1890","1914.57","111.27","-1620.65%","-94.19%","0","100"
"OXYCODONE-ACETAMINOPHEN 10-325 MG ORAL TABLET","00406-0523-05","53","20","1872","5716.47","545.47","-947.99%","-90.46%","0","500"
"LATANOPROST 0.005 % OPHTHALMIC SOLUTION","59762-0333-02","-1910","432","1862.5","61037.85","3541.14","-1623.68%","-94.2%","0","2.5"
"BENZONATATE 200MG CAPSULE","42806-0715-01","-7268","56","1860","9300.00","683.40","-1260.84%","-92.65%","0","100"
"MULTI-VITAMIN TABLET","80681-0020-00","-66008","46","1860","372.00","61.01","-509.74%","-83.6%","0","1000"
"HYDROCHLOROTHIAZIDE 12.5MG TABLET","69315-0155-01","-3030","21","1860","268.87","117.67","-128.49%","-56.24%","0","100"
"CALCIUM W/D 500-5 MG-MCG ORAL TABLET*","00904-5460-52","-13320","20","1830","1525.00","44.13","-3355.7%","-97.11%","0","60"
"CALCITRIOL 0.25MCG CAP ***","23155-0662-01","-3906","25","1809","2188.00","357.88","-511.38%","-83.64%","0","100"
"LITHIUM CARBONATE 300MG CAP ***","31722-0545-01","-3697","18","1807","220.15","131.99","-66.79%","-40.05%","0","100"
"BUDESONIDE 0.5 MG/2ML INHALATION SUSPENSION","00093-6816-55","-2880","19","1800","8575.20","954.36","-798.53%","-88.87%","0","60"
"CLOTRIMAZOLE 1 % CREAM","00536-1265-26","-6510","39","1755","92.04","343.89","73.24%","273.63%","0","45"
"PREDNISONE 5MG TABLET","64380-0783-06","-5526","43","1751","340.32","294.00","-15.76%","-13.61%","0","100"
"ATENOLOL 25MG TABLET","65862-0168-99","-8400","23","1740","1223.80","114.64","-967.52%","-90.63%","0","1000"
"METHIMAZOLE 10MG TAB ***","23155-0071-01","-6090","13","1740","935.42","244.98","-281.84%","-73.81%","0","100"
"SACUBITRIL-VALSARTAN 24-26 MG ORAL TABLET","72205-0280-18","-1740","11","1740","20384.77","2391.44","-752.41%","-88.27%","0","180"
"CYPROHEPTADINE HCL 2MG/5ML SYRUP","64980-0504-48","-6994","6","1721","163.84","81.37","-101.35%","-50.34%","0","473"
"FLUOXETINE HCL 20 MG/5ML ORAL SOLUTION","70954-0600-10","-2325","8","1710","1446.09","437.58","-230.47%","-69.74%","0","120"
"LIDOCAINE-PRILOCAINE 2.5-2.5 % EXTERNAL CREAM","00168-0357-30","-2850","57","1710","991.22","555.65","-78.39%","-43.94%","0","30"
"CEVIMELINE 30MG CAP ***","16571-0657-10","-3960","15","1710","8550.00","1103.93","-674.51%","-87.09%","0","100"
"OLMESARTAN 40MG TABLET","68462-0438-90","-5490","19","1710","14128.02","349.73","-3939.69%","-97.52%","0","90"
"MIRTAZAPINE 7.5MG TABLET","57664-0510-83","-6154","31","1695","3123.89","613.95","-408.82%","-80.35%","0","30"
"HYDROCORTISONE 1 % OINTMENT","45802-0276-03","-4984","37","1680","205.80","457.28","54.99%","122.2%","0","28"
"FLUTICASONE-SALMETEROL 100-50 MCG/ACT INH AEROSOL","00054-0326-56","-4320","28","1680","8703.52","1488.73","-484.63%","-82.9%","0","60"
"FEXOFENADINE (CAMBER) 180MG TAB ***","69230-0202-01","-5897","33","1667","371.06","727.71","49.01%","96.12%","0","100"
"GAVILAX 17 GM/SCOOP ORAL POWDER","43386-0312-08","-6664","7","1666","84.49","111.77","24.41%","32.29%","0","238"
"PEG 3350 17 GM/SCOOP ORAL POWDER","00536-1052-24","-2856","6","1666","66.15","93.92","29.57%","41.98%","0","238"
"AMIODARONE 200MG TABLET","65862-0732-05","-3518","26","1664","4839.88","163.28","-2864.16%","-96.63%","0","500"
"CLONAZEPAM 0.5MG TABLET","59651-0722-99","799","38","1656","1066.61","223.52","-377.19%","-79.04%","0","1000"
"VALSARTAN-HCTZ 320-25MG TABLET","00378-6325-77","-4890","19","1650","8716.95","535.58","-1527.57%","-93.86%","0","90"
"POLY-VI-SOL ORAL SOLUTION","00087-0402-03","-3260","28","1650","279.18","388.91","28.21%","39.3%","0","50"
"GABAPENTIN 800MG TABLET","69367-0347-05","-8340","19","1650","4305.77","181.19","-2276.38%","-95.79%","0","500"
"ENALAPRIL 5MG TABLET","23155-0705-10","-5790","29","1650","2627.00","239.07","-998.84%","-90.9%","0","1000"
"XARELTO 15MG TAB","50458-0578-30","-6042","19","1650","35750.00","22249.95","-60.67%","-37.76%","0","30"
"AMITRIPTYLINE 10 MG TABLET","57664-0687-88","-3291","23","1650","256.67","257.96","0.5%","0.5%","0","100"
"BUDESONIDE/FORMOTEROL 160 /4.5 MCG (SYMBICORT)","00310-7370-20","-3355.8","108","1632","64000.00","26043.90","-145.74%","-59.31%","0","10.2"
"ENTRESTO 49-51MG TABLET****","00078-0777-20","-11040","13","1620","21060.00","17869.15","-17.86%","-15.15%","0","60"
"CICLOPIROX 0.77% CREAM ***","51672-1318-08","-4050","16","1620","1559.34","729.79","-113.67%","-53.2%","0","90"
"PHENYTOIN 50MG TABLET CHEWABLE","51672-4146-01","-4410","6","1620","733.20","174.34","-320.56%","-76.22%","0","100"
"NEXIUM 40MG CAPSULE****","00186-5040-31","-3330","17","1620","27000.00","13951.57","-93.53%","-48.33%","0","30"
"CALCIUM ACETATE 667MG CAPSULE","00781-2081-02","-10890","9","1620","1100.07","412.19","-166.88%","-62.53%","0","200"
"CYCLOBENZAPRINE 5MG TABLET","72888-0012-05","-1646","36","1611","2272.97","119.46","-1802.7%","-94.74%","0","500"
"ONDANSETRON 8MG TAB ***","65862-0188-30","-3626","40","1592","44910.32","210.81","-21203.7%","-99.53%","0","30"
"VALSARTAN 80MG TABLET","00378-5813-77","-3270","27","1590","6628.54","445.83","-1386.79%","-93.27%","0","90"
"DICYCLOMINE HCL 20 MG ORAL TABLET","69452-0311-32","-1590","15","1590","976.77","116.37","-739.37%","-88.09%","0","1000"
"DAPAGLIFLOZIN PROPANEDIOL 10MG TABLET","66993-0457-30","-1590","21","1590","30253.99","9638.83","-213.88%","-68.14%","0","30"
"LEVALBUTEROL HCL 0.63 MG/3ML INHALATION NEBULIZATION SOLUTION","76204-0800-25","-1575","7","1575","903.00","307.33","-193.82%","-65.97%","0","75"
"CLINDAMYCIN PHOSPHATE 1 % EXTERNAL LOTION","51672-1400-04","-4800","19","1560","2687.10","532.53","-404.59%","-80.18%","0","60"
"BISOPROLOL-HCTZ 10-6.25MG TABLET","00378-0505-01","-4110","34","1560","1850.68","304.66","-507.46%","-83.54%","0","100"
"SPIRONOLACTONE 50MG TABLET","53746-0514-05","-4290","24","1560","1062.52","268.55","-295.65%","-74.73%","0","500"
"MESALAMINE ER 0.375GCAPSULE","68382-0452-19","-3120","13","1560","7156.76","728.40","-882.53%","-89.82%","0","120"
"DULOXETINE 30MG  CAPSULE DR","68180-0295-03","-1600","35","1560","10533.63","217.74","-4737.71%","-97.93%","0","1000"
"METOPROLOL SUCCINATE ER 200MG TABLET","70010-0783-05","-1560","18","1560","1450.10","481.68","-201.05%","-66.78%","0","500"
"DORZOLAMID-TIMOLO 22.3-6.8MG/ML (EYE) ***","24208-0486-10","-5860","143","1550","7322.20","1900.61","-285.26%","-74.04%","0","10"
"BISOPROLOL 5MG TABLET","29300-0126-01","-4406","23","1545","2167.12","226.13","-858.35%","-89.57%","0","100"
"NORETHINDRONE 0.35MG TABLET ***","68180-0876-73","-7504","21","1540","473.55","255.10","-85.63%","-46.13%","0","84"
"METRONIDAZOLE 0.75% VAGINAL GEL","73473-0303-70","-6580","21","1540","2891.46","367.81","-686.13%","-87.28%","0","70"
"MIDODRINE HCL 10 MG ORAL TABLET","00245-0213-11","-3078","7","1530","12790.05","335.05","-3717.36%","-97.38%","0","100"
"TORSEMIDE 100MG TABLET","31722-0532-01","-6702","17","1530","3255.84","299.16","-988.33%","-90.81%","0","100"
"HYDROXYZINE HCL 10 MG/5ML ORAL SYRUP","54838-0502-80","-2274","2","1524","326.29","278.39","-17.21%","-14.68%","0","473"
"FERREX 150 150 MG ORAL CAPSULE","00904-5395-61","-2418","24","1512","197.43","153.72","-28.43%","-22.14%","0","100"
"BREO ELLIPTA 200-25MCG/INH AEROSOL 60EA*******","00173-0882-10","-7680","17","1500","16250.00","9521.67","-70.66%","-41.41%","0","60"
"GABAPENTIN 800 MG TABLET","65862-0524-05","-1500","12","1500","3910.00","120.16","-3153.99%","-96.93%","0","500"
"METHYLIN 5 MG/5ML ORAL SOLUTION","59630-0750-50","0","5","1500","238.20","166.89","-42.73%","-29.94%","0","500"
"SODIUM CHLORIDE 0.9 % INHALATION NEBULIZATION SOLUTION","76204-0300-50","-6750","2","1500","81.02","68.60","-18.1%","-15.33%","0","750"
"BACLOFEN 5 MG ORAL TABLET","72888-0009-01","-3033","36","1491","1584.32","240.36","-559.14%","-84.83%","0","100"
"AMOXICILLIN 500MG CAPSULE","00781-2613-05","-12405","69","1487","396.54","412.53","3.88%","4.03%","0","500"
"DULOXETINE 60MG CAPSULE DR","57237-0019-99","-7036","31","1470","9925.93","441.40","-2148.74%","-95.55%","0","1000"
"MAGNESIUM OXIDE 400MG TABLET","00603-0209-22","-4514","33","1470","114.17","362.81","68.53%","217.78%","0","120"
"BUPROPION HCL ER (XL) 300MG TABLET","69097-0072-12","-1470","33","1470","6027.90","324.07","-1760.06%","-94.62%","0","500"
"FLUOXETINE 20MG CAPSULE","65862-0193-99","-6902","32","1463","3289.81","226.29","-1353.8%","-93.12%","0","1000"
"PRAZOSIN HCL 1 MG ORAL CAPSULE","70377-0066-11","-2434","20","1440","1108.80","228.20","-385.89%","-79.42%","0","100"
"OXCARBAZEPINE 300MG TAB ***","51991-0293-01","-5100","4","1440","2646.00","203.56","-1199.86%","-92.31%","0","100"
"BENZOYL PEROXIDE 5 % EXTERNAL GEL","45802-0216-96","-4500","24","1440","666.46","338.40","-96.94%","-49.22%","0","60"
"BIKTARVY 50-200-25MG TABLET","61958-2501-01","-2880","48","1440","207360.00","193480.94","-7.17%","-6.69%","0","30"
"DABIGATRAN ETEXILATE MESYLATE 150 MG ORAL CAPSULE","60505-4348-06","-1440","8","1440","4668.24","1244.42","-275.13%","-73.34%","0","60"
"CILOSTAZOL 100MG TABLET","60505-2522-01","-2760","8","1440","2259.36","167.72","-1247.1%","-92.58%","0","60"
"VITAMIN D (ERGOCALCIFEROL) 50000 UNIT CAPSULE","23155-0809-01","-2842","186","1438","889.01","1390.86","36.08%","56.45%","0","100"
"MILK OF MAGNESIA 7.75 % ORAL SUSPENSION","00536-2470-85","-1774","3","1419","8.40","38.94","78.43%","363.57%","0","473"
"HYDROCORTISONE 1% CREAM","00168-0015-31","-4224.15","31","1417.5","252.00","167.13","-50.78%","-33.68%","0","28.35"
"OZEMPIC (0.25 OR 0.5 MG/DOSE) 2 MG/3ML PEN-INJECTOR","00169-4181-13","-3111","382","1416","455815.12","450270.44","-1.23%","-1.22%","0","3"
"CETIRIZINE HCL CHILDRENS ALRGY 1 MG/ML ORAL SOLUTION","70752-0104-06","-1416","4","1416","377.88","75.18","-402.63%","-80.1%","0","118"
"AMOXICILLIN 500 MG CAPSULE","57237-0031-05","-1810","65","1412","462.57","328.66","-40.74%","-28.95%","0","500"
"VALSARTAN-HCTZ 320-12.5MG TABLET","00378-6324-77","-4320","17","1410","6565.90","443.46","-1380.61%","-93.25%","0","90"
"ISOSORBIDE MONONITRATE ER 60MG","23155-0178-05","-3034","29","1410","1641.62","131.46","-1148.76%","-91.99%","0","500"
"GLIPIZIDE-METFORMIN 2.5-500MG TABLET","00093-7456-01","-2940","26","1410","1199.27","369.57","-224.5%","-69.18%","0","100"
"CARBATROL 300MG EXT-RELEASE CAPSULE****","54092-0173-12","-4770","13","1410","3172.50","2527.80","-25.5%","-20.32%","0","120"
"FARXIGA 5MG TABLET","00310-6205-30","-7230","21","1410","27771.83","24791.29","-12.02%","-10.73%","0","30"
"FERROUS SULFATE 75 (15 FE) MG/ML ORAL SOLUTION","54838-0011-50","-1650","13","1400","138.60","72.80","-90.38%","-47.47%","0","50"
"HYDROCORTISONE 2.5% OINTMENT","00168-0146-30","-5698.35","48","1389.15","586.40","447.59","-31.01%","-23.67%","0","28.35"
"VALACYCLOVIR 1GM TABLET","57237-0043-90","-3991","49","1380","14253.46","712.65","-1900.06%","-95%","0","90"
"REFRESH TEARS 0.5 % OPHTHALMIC SOLUTION","00023-0798-15","-1425","90","1380","796.72","1412.05","43.58%","77.23%","0","15"
"AMLODIPINE-OLMESARTAN 5-40MG TABLET","42571-0237-90","-2880","16","1380","11753.61","267.58","-4292.56%","-97.72%","0","90"
"CEQUA 0.09% SOLUTION","47335-0506-96","-2400","13","1380","12034.06","13725.75","12.32%","14.06%","0","60"
"OLMESARTAN 20MG TABLET","68462-0437-90","-2505","16","1380","8202.41","181.72","-4413.76%","-97.78%","0","90"
"GLIPIZIDE ER 5 MG TABLET","64980-0280-01","-1380","18","1380","482.54","113.05","-326.84%","-76.57%","0","100"
"FUROSEMIDE 40 MG TABLET","69315-0117-10","-1546","20","1378","189.10","99.10","-90.82%","-47.59%","0","1000"
"PROCTO-MED HC 2.5 % EXTERNAL CREAM","69315-0312-28","-3472","35","1372","3539.76","473.86","-647.01%","-86.61%","0","28"
"METHOTREXATE 2.5MG TAB ***","68382-0775-01","-4274","48","1362","3397.96","473.53","-617.58%","-86.06%","0","100"
"HYDROCORTISONE 1 % EXTERNAL CREAM","00168-0015-16","-1360.8","3","1360.8","185.76","81.27","-128.57%","-56.25%","0","453.6"
"NITROGLYCERIN 0.4 MG SUBLINGUAL TAB 25X4","59762-3304-03","-1845","18","1355","1196.61","533.51","-124.29%","-55.41%","0","100"
"METOPROLOL SUCCINATE ER 200MG TABLET","00378-4598-05","-6028","15","1350","3247.50","406.13","-699.62%","-87.49%","0","500"
"ZENPEP 40000-126000U CAPSULE DR","73562-0114-01","-1350","11","1350","22693.07","21003.62","-8.04%","-7.44%","0","100"
"ANASTROZOLE 1MG TABLET","16729-0035-10","-6660","25","1350","12572.10","363.83","-3355.49%","-97.11%","0","30"
"CICLOPIROX 0.77 % EXTERNAL SUSPENSION","45802-0400-49","-5370","40","1350","3235.02","1369.06","-136.29%","-57.68%","0","30"
"REPAGLINIDE 2MG TABLET","57237-0159-01","-5040","8","1350","4248.71","133.45","-3083.75%","-96.86%","0","100"
"METRONIDAZOLE 500MG TABLET","72578-0008-05","-2464","62","1332","792.24","438.36","-80.73%","-44.67%","0","500"
"OMEGA-3-ACID ETHYL ESTERS 1GM CAPSULE","60505-3170-07","-15630","5","1320","2860.00","174.04","-1543.3%","-93.91%","0","120"
"BISOPROLOL 10MG TABLET","70954-0456-20","-3960","22","1320","2557.61","404.37","-532.49%","-84.19%","0","100"
"LAMOTRIGINE 150MG  TABLET","65862-0229-60","-3450","14","1320","5911.40","161.96","-3549.91%","-97.26%","0","60"
"MUPIROCIN 2% OINTMENT","51672-1312-00","-4862","53","1298","2950.00","463.93","-535.87%","-84.27%","0","22"
"OXYCODONE-APAP 5-325MG TABLET","47781-0196-05","473","32","1298","1158.06","156.78","-638.65%","-86.46%","0","500"
"FENOFIBRATE 145MG TAB ***","69097-0458-05","-2940","15","1290","5173.33","179.93","-2775.19%","-96.52%","0","90"
"VALSARTAN-HCTZ 160-25MG TABLET","00378-6323-77","-2600","23","1290","5376.82","238.00","-2159.17%","-95.57%","0","90"
"AMLODIPINE-BENAZEPRIL 5-20MG CAPSULE","68180-0459-01","-5330","23","1290","3171.58","130.83","-2324.2%","-95.87%","0","100"
"IRBESARTAN 300MG TABLET","62332-0043-90","-3330","21","1290","4095.86","339.60","-1106.08%","-91.71%","0","90"
"VALSARTAN 160MG TABLET","00378-5814-77","-6542","17","1290","5782.77","386.97","-1394.37%","-93.31%","0","90"
"PSEUDOEPH-BROMPHEN-DM 30-2-10 MG/5ML ORAL SYRUP","42192-0607-16","-3910","7","1290","248.13","81.60","-204.08%","-67.11%","0","473"
"ESOMEPRAZOLE 40MG CAPSULE DR","70377-0056-12","-5228","18","1288","9995.05","292.72","-3314.54%","-97.07%","0","90"
"NAPROXEN 375 MG TABLET","70010-0138-01","-2929","25","1276","1092.26","243.99","-347.67%","-77.66%","0","100"
"MEMANTINE 2MG/ML SOLUTION","33342-0066-28","-2280","3","1260","3330.70","1343.22","-147.96%","-59.67%","0","240"
"FIBER-LAX 625MG TABLET","00536-4306-08","-2940","21","1260","119.07","244.23","51.25%","105.11%","0","60"
"POTASSIUM CITRATE 15MEQ TABLET EXTENDED RELEASE","71930-0050-12","-3566","17","1260","2568.09","389.24","-559.77%","-84.84%","0","100"
"LAMOTRIGINE 200MG TABLET","13668-0049-05","-4260","10","1260","6133.19","65.46","-9269.37%","-98.93%","0","500"
"PRAVASTATIN 20MG TABLET","00093-7201-10","-2520","14","1260","3540.18","95.40","-3610.88%","-97.31%","0","1000"
"ALLOPURINOL 300 MG TABLET","55111-0730-05","-4890","22","1260","950.36","77.03","-1133.75%","-91.89%","0","500"
"VITAMIN C 250MG TABLET","20555-0001-00","-2430","18","1260","19.32","34.75","44.4%","79.87%","0","100"
"CILOSTAZOL 50MG TABLET","60505-2521-01","-4290","10","1260","1609.67","175.98","-814.69%","-89.07%","0","60"
"CELECOXIB 200 MG ORAL CAPSULE","69097-0421-12","-1290","30","1260","8214.06","301.49","-2624.49%","-96.33%","0","500"
"SACUBITRIL-VALSARTAN 49-51 MG ORAL TABLET","72205-0281-18","-1260","7","1260","14779.31","3850.00","-283.88%","-73.95%","0","180"
"CELECOXIB 100MG CAP ***","69097-0422-07","-3560","25","1250","4039.85","39.16","-10216.27%","-99.03%","0","100"
"CELECOXIB 200MG CAPSULE ***","13668-0442-01","-7840","25","1230","8007.61","346.06","-2213.94%","-95.68%","0","100"
"JANUVIA 25MG TABLET","00006-0221-31","-3510","29","1230","26240.00","9759.70","-168.86%","-62.81%","0","30"
"PAROXETINE 20MG TABLET ***","13107-0155-30","-5610","26","1230","2275.50","188.15","-1109.41%","-91.73%","0","30"
"GEMFIBROZIL 600MG TAB ***","69097-0821-12","-2040","7","1200","1944.60","196.25","-890.88%","-89.91%","0","500"
"ALBUTEROL SULFATE 0.63 MG/3ML INHALATION NEBULIZATION SOLUTION","00378-7057-52","-3675","14","1200","571.04","298.17","-91.51%","-47.78%","0","75"
"LACOSAMIDE 100MG TABLET","62332-0172-60","180","17","1200","17347.60","411.00","-4120.83%","-97.63%","0","60"
"OXYCODONE 30MG TABLET","10702-0009-50","20","10","1200","3704.20","446.02","-730.5%","-87.96%","0","500"
"LANCETS PHARMACIST CHOICE","98302-0001-04","-1800","4","1200","484.56","449.16","-7.88%","-7.31%","0","100"
"SILVER SULFADIAZINE 1 % EXTERNAL CREAM","67877-0124-40","-3200","3","1200","167.58","122.08","-37.27%","-27.15%","0","400"
"DAPAGLIFLOZIN 10 MG TABLET (FARXIGA)","72205-0433-01","-1200","16","1200","18266.80","7808.52","-133.93%","-57.25%","0","30"
"ENEMA 7-19GM/118ML ENEMA","00536-7415-51","-4522","6","1197","45.00","70.48","36.15%","56.62%","0","133"
"CEPHALEXIN 500MG CAPSULE ***","67877-0219-05","-4875","58","1184","1633.60","308.19","-430.06%","-81.13%","0","500"
"VRAYLAR 1.5MG CAPSULE","61874-0115-30","-1500","39","1170","56197.83","57813.00","2.79%","2.87%","0","30"
"LITHIUM CARBONATE 600MG CAPSULE","00054-2531-25","-2790","17","1170","393.50","436.24","9.8%","10.86%","0","100"
"PROPRANOLOL 20MG TABLET","69238-2078-01","-4610","13","1170","512.69","116.99","-338.23%","-77.18%","0","100"
"COLESTIPOL HCL 1 GM ORAL TABLET","00115-5211-16","-2970","13","1170","1245.53","537.00","-131.94%","-56.89%","0","120"
"HYDROXYUREA 500MG CAPSULE","69315-0164-01","-3960","13","1170","676.13","142.26","-375.28%","-78.96%","0","100"
"OXYCODONE-ACETAMINOPHEN 10-325 MG ORAL TABLET","53746-0204-05","8","11","1170","3572.79","220.43","-1520.83%","-93.83%","0","500"
"TRAZODONE 150MG TABLET","50111-0450-02","-3300","32","1140","2463.16","231.26","-965.1%","-90.61%","0","500"
"VITAMIN B-6 25 MG TABLET","00536-4406-01","-5000","16","1140","33.75","16.78","-101.13%","-50.28%","0","100"
"SOLIFENACIN SUCCINATE 10MG TABLET","68462-0387-30","-3446","29","1110","13984.15","431.05","-3144.21%","-96.92%","0","30"
"OLMESARTAN-AMLODIPINE-HCTZ 20-5-12.5MG TABLET","49884-0786-09","-2520","19","1110","7484.36","854.41","-775.97%","-88.58%","0","90"
"WARFARIN SODIUM 5MG TAB ***","00093-1721-01","-3735","33","1110","742.20","409.30","-81.33%","-44.85%","0","100"
"ISOSORBIDE MONONITRATE ER 30MG TAB ***","13668-0104-10","-4590","10","1110","2350.46","88.00","-2570.98%","-96.26%","0","1000"
"METHOCARBAMOL 500MG TAB ***","70010-0754-01","-5138","13","1107","562.24","133.67","-320.62%","-76.23%","0","100"
"SYMBICORT 160-4.5MCG/ACT AEROSOL****","00186-0370-20","-4651.2","84","1101.6","91800.00","25123.21","-265.4%","-72.63%","0","10.2"
"ONDANSETRON ODT  4MG TAB ***","68462-0157-13","-3044","60","1099","25401.63","509.77","-4882.96%","-97.99%","0","30"
"LEVOTHYROXINE 150 MCG TABLET","68180-0973-03","-3554","21","1090","635.47","258.77","-145.57%","-59.28%","0","1000"
"FEXOFENADINE 180MG TAB ***","55111-0784-30","-5334","15","1084","492.14","378.44","-30.04%","-23.1%","0","30"
"METOPROLOL TARTRATE 100MG TABLET","57237-0102-99","-2581","9","1081","707.74","33.78","-1995.15%","-95.23%","0","1000"
"INDAPAMIDE 1.25MG TABLET","62559-0510-01","-3582","18","1080","1320.03","141.09","-835.59%","-89.31%","0","100"
"DIVALPROEX 500MG TABLET ER","65162-0757-50","-5700","6","1080","4752.00","264.80","-1694.56%","-94.43%","0","500"
"VERAPAMIL ER 240MG TABLET","68462-0260-05","-5640","12","1080","1164.96","89.66","-1199.31%","-92.3%","0","500"
"DUTASTERIDE 0.5MG CAP ***","31722-0131-30","-3450","12","1080","4574.52","98.07","-4564.55%","-97.86%","0","30"
"ZOLPIDEM TARTRATE 5MG TAB ***","13668-0007-05","413","40","1080","3496.64","31.81","-10892.27%","-99.09%","0","500"
"AMLODIPINE VALSARTAN 10-320MG TABLET","00378-1724-93","-3220","12","1080","10800.00","341.90","-3058.82%","-96.83%","0","30"
"TRETINOIN 0.05% CREAM","00574-2205-45","-2115","24","1080","3549.36","787.71","-350.59%","-77.81%","0","45"
"EXEMESTANE 25MG TABLET","71921-0190-33","-1770","31","1080","3343.68","1301.07","-156.99%","-61.09%","0","30"
"BENAZEPRIL-HCTZ 20-12.5MG TABLET","00574-0229-01","-2712","12","1080","997.20","342.27","-191.35%","-65.68%","0","100"
"JANUMET XR 100-1000MG TABLET","00006-0081-31","-2880","12","1080","23040.00","11152.32","-106.59%","-51.6%","0","30"
"CREON 36000UNIT CAPSULE","00032-3016-13","-3780","4","1080","14796.00","13074.14","-13.17%","-11.64%","0","100"
"AMLODIPINE-VALSARTAN 5-160 MG TABLET","00378-1721-93","-2745","12","1080","5072.04","407.39","-1145.01%","-91.97%","0","30"
"REPAGLINIDE 1MG TAB ***","57237-0158-01","-1476","10","1080","3399.00","129.04","-2534.07%","-96.2%","0","100"
"VALSARTAN-HCTZ 160-12.5MG TABLET","00378-6322-77","-2190","10","1080","3969.48","214.78","-1748.16%","-94.59%","0","90"
"NATEGLINIDE 120 MG ORAL TABLET","16571-0759-09","-1080","4","1080","1603.92","391.92","-309.25%","-75.56%","0","90"
"BENZONATATE 100MG CAPSULE NYM","42806-0714-05","-1340","36","1080","2107.99","422.70","-398.7%","-79.95%","0","500"
"HYDRALAZINE HCL 100MG TABLET","23155-0835-01","-1080","4","1080","940.88","34.40","-2635.12%","-96.34%","0","100"
"REGULOID 28.3 % ORAL POWDER","80681-0096-01","-2690","2","1076","18.20","32.28","43.62%","77.36%","0","538"
"QUETIAPINE FUMARATE 25 MG ORAL TABLET","67877-0242-10","-2611","18","1076","3700.99","147.66","-2406.43%","-96.01%","0","1000"
"ALPRAZOLAM 2 MG ORAL TABLET","65862-0679-01","125","15","1065","1799.42","189.19","-851.12%","-89.49%","0","100"
"XIGDUO XR 5-1000 MG TABLET ER","00310-6260-60","-2940","7","1050","9912.00","9798.04","-1.16%","-1.15%","0","60"
"IBUPROFEN 200 MG TABLET","00904-6747-80","-2091","14","1045","13.01","141.85","90.83%","990.32%","0","1000"
"ENALAPRIL 10MG TABLET","23155-0772-10","-2804","17","1034","2068.00","75.95","-2622.84%","-96.33%","0","1000"
"OLANZAPINE 10MG TABLET","43598-0166-30","-2868","22","1020","20313.64","98.29","-20567.05%","-99.52%","0","30"
"DIVALPROEX SODIUM 250MG TABLET ER","65162-0755-10","-3450","8","1020","2153.33","212.25","-914.53%","-90.14%","0","100"
"VITAMIN B COMPLEX CAPSULE","00536-1378-01","-1674","22","1020","59.50","85.98","30.8%","44.5%","0","100"
"CLOBETASOL PROPIONATE 0.05 % EXTERNAL OINTMENT","43386-0096-62","-2730","17","1020","7595.09","1056.40","-618.96%","-86.09%","0","60"
"INCRUSE ELLIPTA 62.5MCG/INH AEROSOL*****","00173-0873-10","-4080","26","1020","14960.00","11469.79","-30.43%","-23.33%","0","30"
"LACOSAMIDE 200 MG ORAL TABLET","62332-0174-60","120","13","1020","15620.96","431.14","-3523.18%","-97.24%","0","60"
"CICLOPIROX 0.77% CREAM ***","51672-1318-02","-2520","32","1020","1215.84","699.14","-73.91%","-42.5%","0","30"
"SYNJARDY 5-1000MG TABLET XR","00597-0290-74","-1920","8","1020","10408.94","9298.97","-11.94%","-10.66%","0","60"
"WIXELA INHUB 500-50 MCG/ACT INH AEROSOL","00378-9322-32","-3180","9","1020","8634.98","1561.77","-452.9%","-81.91%","0","60"
"AVIANE 0.1-20MG TABLET******","00555-9045-58","-2632","12","1008","8100.00","214.67","-3673.23%","-97.35%","0","28"
"LEVOTHYROXINE 175MCG TABLET","68180-0974-01","-3070","15","995","689.55","163.35","-322.13%","-76.31%","0","100"
"FERROUS SULFATE 325MG TAB","00904-7591-80","-40020","15","993","13.59","9.75","-39.38%","-28.26%","0","1000"
"FLUOXETINE HCL 20MG TABLET","59651-0309-01","-1410","19","990","3576.73","295.86","-1108.93%","-91.73%","0","100"
"CLONIDINE 0.3MG TAB ***","00228-2129-10","-3240","28","990","446.16","324.75","-37.39%","-27.21%","0","100"
"ZIPRASIDONE 20MG CAP ***","55111-0256-60","-2490","17","990","8775.19","461.93","-1799.68%","-94.74%","0","60"
"AMLODIPINE-BENAZEPRIL 10-40MG CAPULE","65862-0587-01","-4050","11","990","4847.59","248.69","-1849.25%","-94.87%","0","100"
"VITAMIN B-6 50MG TABLET","10006-0730-16","-2970","21","990","10.22","17.54","41.73%","71.62%","0","1000"
"REFRESH 1.4-0.6 % OPHTHALMIC SOLUTION","00023-0506-01","-1050","29","990","313.17","598.26","47.65%","91.03%","0","30"
"NICOTINE POLACRILEX 2MG GUM","00536-3029-23","-3190","9","990","450.00","208.24","-116.1%","-53.72%","0","110"
"PIOGLITAZONE 45MG TABLET","57237-0221-05","-1920","11","990","9887.35","130.09","-7500.39%","-98.68%","0","500"
"OXYBUTYNIN 15MG TABLET ER","27241-0157-04","-3150","11","990","2872.57","187.79","-1429.67%","-93.46%","0","100"
"FAMOTIDINE 40 MG ORAL TABLET","67877-0889-05","-990","15","990","3985.83","100.38","-3870.74%","-97.48%","0","500"
"AZELASTINE 0.05% OPHTHALMIC SOLUTION","60505-0578-04","-2820","150","984","24600.00","1272.54","-1833.14%","-94.83%","0","6"
"HYDROXYZINE 10MG TABLET","23155-0500-01","-4515","18","975","522.92","163.53","-219.77%","-68.73%","0","100"
"VALSARTAN 40MG TABLET","55111-0731-30","-2535","14","975","1360.13","214.08","-535.34%","-84.26%","0","30"
"BUDESONIDE-FORMOTEROL FUMARATE 80-4.5MCG/ACT AEROSOL","00310-7372-20","-1254.6","85","969","28801.15","12217.49","-135.74%","-57.58%","0","10.2"
"IBUPROFEN 800MG TABLET","49483-0604-50","-12451","21","961","689.14","138.90","-396.14%","-79.84%","0","500"
"TERAZOSIN 2MG CAPSULE","23155-0736-01","-3270","20","960","1325.12","135.44","-878.38%","-89.78%","0","100"
"LIDOCAINE 5 % EXTERNAL PATCH","65162-0791-08","-4530","29","960","8483.52","2451.56","-246.05%","-71.1%","0","30"
"PAROXETINE 10MG TABLET","13107-0154-30","-3270","30","960","2161.60","49.62","-4256.31%","-97.7%","0","30"
"DICYCLOMINE 20MG TAB***","00591-0795-10","-8595","12","960","479.80","90.24","-431.69%","-81.19%","0","1000"
"VENLAFAXINE HCL ER 75 MG CAPSULE","65862-0528-90","-1440","30","960","3851.84","223.09","-1626.59%","-94.21%","0","90"
"NEBIVOLOL 5MG TABLET","72241-0033-04","-1470","12","960","3911.36","214.81","-1720.85%","-94.51%","0","90"
"OXYCODONE HCL 5 MG/5ML ORAL SOLUTION","64950-0354-50","40","4","960","225.88","117.24","-92.66%","-48.1%","0","500"
"TRIAMCINOLONE ACETONIDE 0.025 % OINTMENT","33342-0331-80","-2400","12","960","104.28","69.46","-50.13%","-33.39%","0","80"
"SACUBITRIL-VALSARTAN 49-51 MG ORAL TABLET","43598-0644-18","-960","6","960","11246.77","982.32","-1044.92%","-91.27%","0","180"
"PREDNISONE 20MG TABLET","64380-0785-08","-4092","85","959","173.71","287.97","39.68%","65.78%","0","1000"
"BENZOYL PEROXIDE WASH 10 % EXTERNAL LIQUID","35573-0454-08","-2133","4","948","48.72","26.80","-81.79%","-44.99%","0","237"
"HYDROXYZINE HCL 10 MG/5ML ORAL SYRUP","00121-1034-16","-946","1","946","1032.00","131.44","-685.15%","-87.26%","0","473"
"MOMETASONE FUROATE 0.1 % EXTERNAL CREAM","00713-0634-37","-1800","18","945","1470.00","489.87","-200.08%","-66.68%","0","45"
"COLCHICINE 0.6MG TABLET","70710-1351-03","-3925","16","945","5474.70","249.42","-2094.97%","-95.44%","0","30"
"SULFAMETHOXAZOLE-TRIMETHOPRIM 800-160MG TABLET","57237-0233-01","-3175","66","932","1123.93","235.79","-376.67%","-79.02%","0","100"
"OLANZAPINE 15MG TABLET","55111-0167-30","-1470","31","930","23892.01","80.04","-29750.09%","-99.66%","0","30"
"BUPROPION HCL 75MG TABLET","60505-0158-01","-3265","17","930","634.57","252.03","-151.78%","-60.28%","0","100"
"GLIPIZIDE 2.5MG TABLET ER","59651-0268-30","-3786","8","930","325.19","69.78","-366.02%","-78.54%","0","30"
"OMEGA-3-ACID ETHYL ESTERS 1 GM ORAL CAPSULE","64380-0761-11","-1020","9","930","1653.70","160.22","-932.14%","-90.31%","0","120"
"PREDNISONE 10MG TABLET","59746-0173-06","-2877","30","929","729.33","138.73","-425.72%","-80.98%","0","100"
"SODIUM FLUORIDE 5000 PLUS 1.1 % DENTAL CREAM","69367-0309-51","-3366","18","918","188.46","247.56","23.87%","31.36%","0","51"
"LOPERAMIDE 2MG CAP ***","00378-2100-05","-7742","28","913","671.08","257.06","-161.06%","-61.69%","0","500"
"ALENDRONATE 70MG TAB ***","69097-0224-16","-3788","105","908","13022.99","464.61","-2702.99%","-96.43%","0","4"
"CLINDAMYCIN PHOSPHATE 1 % EXTERNAL GEL","21922-0027-07","-4380","15","900","2408.55","211.49","-1038.85%","-91.22%","0","60"
"OZEMPIC (1 MG/DOSE) 4MG/3ML INJECTION","00169-4130-13","-2019","212","900","327000.00","285852.48","-14.39%","-12.58%","0","3"
"FENOFIBRATE MICRONIZED 200MG CAPSULE","62332-0086-31","-2490","10","900","2438.60","206.94","-1078.41%","-91.51%","0","100"
"FAMOTIDINE 40 MG/5ML ORAL SUSPENSION RECONSTITUTED","42571-0433-45","-900","3","900","2738.70","257.42","-963.9%","-90.6%","0","50"
"LEVOTHYROXINE SODIUM 137 MCG ORAL TABLET","68180-0972-03","-1380","10","900","516.90","178.80","-189.09%","-65.41%","0","1000"
"ALCOHOL SWABS 70 % PAD","11917-0031-75","-1100","9","900","15.39","12.60","-22.14%","-18.13%","0","100"
"BUPROPION (XL) 300MG TAB ***","68180-0320-06","-5212","22","900","4290.90","221.06","-1841.06%","-94.85%","0","30"
"VERAPAMIL ER 120MG TABLET","68462-0292-01","-1800","18","900","675.96","131.32","-414.74%","-80.57%","0","100"
"FLUTICASONE-SALMETEROL 500-50 MCG/ACT INH AEROSOL","00054-0328-56","-2700","7","900","7619.10","2216.33","-243.77%","-70.91%","0","60"
"ANORO ELLIPTA 62.5-25MCG/INH AEROSOL 60EA*****","00173-0869-10","-1620","13","900","8175.00","6926.42","-18.03%","-15.27%","0","60"
"DICLOFENAC SODIUM 3 % EXTERNAL GEL","45802-0111-01","-1100","9","900","891.90","408.36","-118.41%","-54.21%","0","100"
"LABETALOL 300MG TABLET","68382-0800-01","-5580","5","900","890.00","254.02","-250.37%","-71.46%","0","100"
"AMOXICILLIN 400 MG/5ML ORAL SUSPENSION RECONSTITUTED","65862-0071-75","-1950","6","900","75.36","70.13","-7.46%","-6.94%","0","75"
"ASPIRIN LOW DOSE 81 MG TABLET CHEWABLE","00904-6794-80","-986","15","896","7.99","127.10","93.71%","1490.74%","0","1000"
"RISPERIDONE 0.25MG TABLET","68382-0112-14","-4010","18","890","2986.16","161.06","-1754.07%","-94.61%","0","60"
"NOVOLOG FLEXPEN 100UNIT/ML INJECTION****","00169-6339-10","-2490","79","882","58800.00","7735.54","-660.13%","-86.84%","0","15"
"DULOXETINE 60MG CAPSULE DR","68180-0296-03","-882","20","882","5955.55","152.77","-3798.38%","-97.43%","0","1000"
"SPIRONOLACTONE 100MG TABLET","53746-0515-01","-1935","27","870","1065.76","235.38","-352.78%","-77.91%","0","100"
"BREZTRI AEROSPHERE 160-9-4.8 MCG/ACT INHALATION AEROSOL","00310-4616-12","-1647.8","69","866.7","52357.59","52318.26","-0.08%","-0.08%","0","10.7"
"METHIMAZOLE 5MG TABLE ***","23155-0070-01","-3875","10","855","265.72","110.89","-139.62%","-58.27%","0","100"
"NAPROXEN 250MG TABLET","68462-0188-01","-1888","20","844","562.55","114.90","-389.6%","-79.58%","0","100"
"AMLODIPINE-BENAZEPRIL 5-40 MG CAPSULE","65862-0585-01","-2010","10","840","2928.05","99.28","-2849.28%","-96.61%","0","100"
"SYNJARDY 5-1000 MG TABLET","00597-0175-60","-2040","14","840","8572.06","7264.16","-18%","-15.26%","0","60"
"SYRINGE U/F 30G X 1/2""1 ML BD INSULIN ****","08290-3284-11","-1581","12","840","840.00","225.29","-272.85%","-73.18%","0","100"
"CLINDAMYCIN PHOSPHATE 1 % SOLUTION","45802-0562-02","-4110","14","840","1120.00","303.03","-269.6%","-72.94%","0","60"
"DIVALPROEX 500MG TABLET DELAYED RELEASE","57237-0048-05","-2640","14","840","2321.48","172.15","-1248.52%","-92.58%","0","500"
"AMLODIPINE-OLMESARTAN 5-20MG TABLET","42571-0235-30","-2190","10","840","5664.12","209.50","-2603.64%","-96.3%","0","30"
"PENICILLIN V POTASSIUM 250MG TABLET","65862-0175-01","-2820","14","840","330.54","197.75","-67.15%","-40.17%","0","100"
"EMTRICITABINE-TENOFOVIR DF 200-300MG TABLET","42385-0953-30","-2130","18","840","50572.76","624.83","-7993.84%","-98.76%","0","30"
"DORZOLAMIDE - TIMOLOL 2-0.5 % OPTH SOLUTION","42571-0382-73","-840","10","840","2040.92","1045.43","-95.22%","-48.78%","0","60"
"OSELTAMIVIR PHOSPHATE 6 MG/ML ORAL SUSPENSION RECONSTITUTED","68180-0678-01","-2700","9","840","1971.48","202.35","-874.29%","-89.74%","0","60"
"OXYCODONE HCL 5 MG TABLET","47781-0263-05","115","42","836","389.03","198.48","-96%","-48.98%","0","500"
"TERBINAFINE 250MG TABLET","69097-0859-07","-2071","20","834","9377.95","205.94","-4453.73%","-97.8%","0","100"
"NALTREXONE 50MG TABLET","00406-1170-01","-2961","17","831","3055.28","774.15","-294.66%","-74.66%","0","100"
"HYDROXYZINE PAMOATE 25 MG ORAL CAPSULE","00185-0674-01","-2565","19","825","212.49","167.74","-26.68%","-21.06%","0","100"
"METHYLPREDNISOLONE 4MG (MEDROL) ***","59746-0001-03","-2247","39","819","946.14","218.49","-333.04%","-76.91%","0","21"
"POTASSIUM CHLORIDE 10MEQ TABLET ER","00832-5324-11","-1443","11","816","418.29","114.73","-264.59%","-72.57%","0","100"
"REFRESH LACRI-LUBE  OINTMENT","00023-0312-04","-2523.5","212","815.5","6990.00","3772.80","-85.27%","-46.03%","0","3.5"
"NEURONTIN 400MG CAPSULE","00071-0806-24","-3150","3","810","6506.73","6291.51","-3.42%","-3.31%","0","100"
"GLIMEPIRIDE 4MG TAB ***","16729-0003-01","-3390","9","810","696.24","42.75","-1528.63%","-93.86%","0","100"
"PANTOPRAZOLE 20MG TAB ***","13668-0096-90","-4176","20","810","2313.36","52.50","-4306.4%","-97.73%","0","90"
"ENALAPRIL-HCTZ 10-25MG TABLET","51672-4046-01","-2370","9","810","850.14","172.04","-394.15%","-79.76%","0","100"
"JULUCA 50-25MG TABLET*****","49702-0242-13","-2340","27","810","101925.00","96106.28","-6.05%","-5.71%","0","30"
"FENOFIBRATE MICRONIZED 134MG CAPSULE","62332-0085-31","-2670","13","810","1364.58","140.73","-869.64%","-89.69%","0","100"
"LIDOCAINE 5% PATCH ***","00591-3525-30","-3150","20","810","7893.12","2098.40","-276.15%","-73.41%","0","30"
"GLIMEPIRIDE 4 MG ORAL TABLET","55111-0322-05","-930","15","810","829.98","93.48","-787.87%","-88.74%","0","500"
"AMLODIPINE-BENAZEPRIL 5-10MG CAPSULE","65862-0583-05","-2190","9","810","1885.77","102.34","-1742.65%","-94.57%","0","500"
"TETRACYCLINE HCL 500 MG ORAL CAPSULE","23155-0767-01","-1256","15","808","10944.36","819.71","-1235.15%","-92.51%","0","100"
"ALCOHOL PAD CHOICE","98302-0001-05","-1300","4","800","600.00","11.24","-5238.08%","-98.13%","0","100"
"DICLOFENAC SODIUM 1% GEL","69097-0524-44","-73000","8","800","480.00","107.94","-344.69%","-77.51%","0","100"
"TRIAMCINOLONE ACETONIDE 0.1 % EXTERNAL OINTMENT","33342-0333-15","-2370","27","795","253.87","261.84","3.04%","3.14%","0","15"
"AQUAPHOR  OINTMENT***","72140-0031-47","-2376","2","792","200.00","32.34","-518.43%","-83.83%","0","396"
"DICYCLOMINE HCL 10MG CAP","00591-0794-10","-1505","19","790","340.02","41.88","-711.89%","-87.68%","0","1000"
"TACROLIMUS 0.1 % OINTMENT","00168-0416-30","-2580","23","780","5823.74","1415.81","-311.34%","-75.69%","0","30"
"DIGOXIN 125 MCG ORAL TABLET","57664-0437-88","-1786","19","780","953.90","107.86","-784.39%","-88.69%","0","100"
"KERENDIA 20MG TABLET","50419-0541-01","-1860","12","780","16839.68","16900.09","0.36%","0.36%","0","30"
"ZTLIDO 1.8 % EXTERNAL PATCH****","69557-0111-30","-1260","13","780","9047.74","9261.21","2.3%","2.36%","0","30"
"PHENOBARBITAL 32.4 MG TABLET","00603-5166-32","220","13","780","430.17","222.04","-93.74%","-48.38%","0","1000"
"DEPAKOTE 500MG TABLET DELAYED RELEASE","00074-7327-13","-2520","13","780","6162.00","5790.31","-6.42%","-6.03%","0","100"
"NIFEDIPINE 90MG TABLET ER","59651-0297-01","-4760","14","780","2033.66","308.47","-559.27%","-84.83%","0","100"
"TICAGRELOR 60 MG ORAL TABLET","00480-2688-06","-780","13","780","5923.45","3096.34","-91.3%","-47.73%","0","60"
"WARFARIN SODIUM 1MG TAB ***","00093-1712-01","-1680","13","780","410.93","185.37","-121.68%","-54.89%","0","100"
"CALCIUM 600MG TABLET","80681-0005-00","-1530","11","780","19.24","33.81","43.09%","75.73%","0","60"
"ONDANSETRON ODT 8MG TAB ***","62756-0356-64","-860","20","762","19555.97","371.90","-5158.39%","-98.1%","0","30"
"BUSPIRONE HCL 5MG TABLET","23155-0023-05","-3840","10","750","482.50","27.70","-1641.88%","-94.26%","0","500"
"LIDOCAINE 4 % EXTERNAL PATCH","70512-0014-30","-4740","22","750","4296.50","897.07","-378.95%","-79.12%","0","30"
"ISOSORBIDE MONONITRATE 30MG TABLET ER","23155-0519-01","-2965","11","750","2162.18","77.03","-2706.93%","-96.44%","0","100"
"VITAMIN C 1000MG TABLET","80681-0166-00","-1080","25","750","75.00","35.41","-111.8%","-52.79%","0","100"
"LOSARTAN-HCTZ 100-12.5MG TABLET","43547-0425-09","-9666","11","750","2197.75","104.22","-2008.76%","-95.26%","0","90"
"ACYCLOVIR 400 MG TABLET","31722-0777-05","-1796","17","750","1155.67","234.82","-392.15%","-79.68%","0","500"
"IPRATROPIUM BROMIDE 0.02 % INHALATION SOLUTION","00378-7970-52","-875","6","750","490.44","81.14","-504.44%","-83.46%","0","62.5"
"ONDANSETRON 4MG TAB ***","65862-0187-30","-1765","33","745","12620.30","95.08","-13173.35%","-99.25%","0","30"
"LETROZOLE 2.5 MG ORAL TABLET","16729-0034-15","-910","10","730","11332.84","206.86","-5378.51%","-98.17%","0","90"
"OLMESARTAN 5MG TABLET","68462-0436-30","-3690","8","720","3500.16","43.80","-7891.23%","-98.75%","0","30"
"RAMELTEON 8MG TABLET","00832-1250-30","-2250","16","720","8662.32","555.33","-1459.85%","-93.59%","0","30"
"LOKELMA 5GM PACK","00310-1105-30","-1740","20","720","25965.00","19859.82","-30.74%","-23.51%","0","30"
"FLUOCINOLONE ACETONIDE 0.01 % EXTERNAL SOLUTION","21922-0003-01","-2520","12","720","1935.00","157.44","-1129.04%","-91.86%","0","60"
"NYSTATIN 100000UNIT/GM POWDER****","00832-0465-30","-2520","21","720","1920.00","490.78","-291.21%","-74.44%","0","30"
"PREGABALIN 75MG CAPSULE","69238-1312-09","300","8","720","5218.24","120.12","-4244.19%","-97.7%","0","90"
"PROCTOZONE-HC 2.5% CREAM***","64980-0324-30","-1800","14","720","2400.00","228.96","-948.22%","-90.46%","0","30"
"VASCEPA 0.5 GM ORAL CAPSULE","52937-0003-40","-1620","12","720","1284.24","1191.12","-7.82%","-7.25%","0","240"
"URSODIOL 500MG TABLET","64380-0919-06","-3360","4","720","3600.00","290.31","-1140.05%","-91.94%","0","100"
"OLMESARTAN-HCTZ 40-25 MG TABLET","65862-0781-90","-1350","8","720","5404.00","200.90","-2589.9%","-96.28%","0","90"
"FERROUS GLUCONATE 324 (38 FE) MG ORAL TABLET","69367-0165-07","-1080","8","720","33.28","28.73","-15.84%","-13.67%","0","1000"
"SEGLUROMET 2.5-1000MG TABLET","00006-5373-03","-2040","12","720","4800.00","4246.84","-13.03%","-11.52%","0","60"
"SYNTHROID 50MCG TABLET","00074-4552-90","-1530","8","720","1115.84","1187.04","6%","6.38%","0","90"
"XIGDUO XR 5-500MG TABLET EXTENDED RELEASE","00310-6250-30","-2340","4","720","14001.12","13405.91","-4.44%","-4.25%","0","30"
"DILTIAZEM 180MG CAPSULE ER","50742-0249-30","-2280","8","720","936.96","122.02","-667.87%","-86.98%","0","30"
"XARELTO 2.5 MG TABLET","50458-0577-60","-1260","4","720","6717.84","5687.90","-18.11%","-15.33%","0","60"
"BUSPIRONE HCL 7.5MG TABLET","72888-0063-01","-2460","4","720","978.56","67.96","-1339.91%","-93.06%","0","100"
"LISINOPRIL 30MG TABLET","68180-0982-02","-2310","8","720","923.68","68.90","-1240.61%","-92.54%","0","500"
"SACUBITRIL-VALSARTAN 97-103 MG ORAL TABLET","72205-0282-18","-720","4","720","8455.52","1882.72","-349.11%","-77.73%","0","180"
"ACETAMINOPHEN EXTRA STRENGTH 500MG TABLET","70000-0373-05","-22331","3","720","17.94","41.28","56.54%","130.1%","0","500"
"ATENOLOL 100 MG TABLET","65862-0170-99","-720","8","720","774.96","52.53","-1375.27%","-93.22%","0","1000"
"PRIMIDONE 250 MG ORAL TABLET","53746-0545-01","-720","4","720","616.76","208.81","-195.37%","-66.14%","0","100"
"TADALAFIL 5MG TABLET","69238-1347-03","-2771","32","715","7562.33","223.79","-3279.21%","-97.04%","0","30"
"BUMETANIDE 0.5 MG ORAL TABLET","00185-0128-01","-1160","10","710","660.86","117.86","-460.72%","-82.17%","0","100"
"ANTACID 400-400-40 MG/5ML SUSPENSION  *NYM*","70000-0422-01","-13270","2","710","20.00","3.94","-407.61%","-80.3%","0","355"
"AMOXICILLIN-CLAVULANATE 875-125MG TABLET","42571-0162-01","-1574","43","702","3049.76","346.13","-781.1%","-88.65%","0","100"
"CONTOUR NEXT STRIP DME","00193-7308-50","-4700","7","700","1610.00","96.50","-1568.39%","-94.01%","0","50"
"ACCU-CHEK FASTCLIX LANCETS","65702-0288-10","-904","7","700","92.05","83.48","-10.27%","-9.31%","0","102"
"NABUMETONE 750MG TABLET","69367-0242-01","-1540","7","690","964.20","67.48","-1328.87%","-93%","0","100"
"DULOXETINE 20MG CAPSULE DR","57237-0017-60","-4170","12","690","4828.85","105.45","-4479.28%","-97.82%","0","60"
"PREGABALIN 50MG CAPSULE","69238-1311-09","180","11","690","5000.78","80.62","-6102.9%","-98.39%","0","90"
"PAROXETINE 30MG TABLET","13107-0156-30","-2040","11","690","1670.03","42.67","-3813.83%","-97.44%","0","30"
"OXYBUTYNIN 10MG TABLET ER","27241-0156-08","-3660","9","690","1950.79","110.60","-1663.82%","-94.33%","0","500"
"ARIPIPRAZOLE 20 MG ORAL TABLET","67877-0434-05","-690","23","690","26709.90","230.23","-11501.4%","-99.14%","0","500"
"TERCONAZOLE 0.4% CREAM","51672-1304-06","-1665","15","675","467.85","377.22","-24.03%","-19.37%","0","45"
"LATANOPROST 0.005% SOLUTION ***","61314-0547-01","-5320","168","667.5","32040.00","1190.30","-2591.76%","-96.28%","0","2.5"
"ONDANSETRON HCL 4 MG/5ML SOLUTION","65162-0691-79","-1815","9","665","2743.13","264.69","-936.36%","-90.35%","0","50"
"ENALAPRIL 10MG TAB ***","68682-0712-10","-2970","10","660","528.00","46.75","-1029.41%","-91.15%","0","1000"
"LIDOCAINE 5 % EXTERNAL PATCH","00603-1880-16","-660","21","660","5832.42","2273.21","-156.57%","-61.02%","0","30"
"OYSTER SHELL CALCIUM 500MG TABLET","80681-0004-00","-690","10","660","23.12","15.24","-51.71%","-34.08%","0","250"
"NYSTATIN 100000UNIT/GM POWDER","00832-0465-60","-5940","11","660","1540.00","273.52","-463.03%","-82.24%","0","60"
"OLMESARTAN-AMLODIPINE-HCTZ 40-10-25MG TABLET","49884-0790-09","-1380","8","660","5620.93","1201.38","-367.87%","-78.63%","0","90"
"DOXYCYCLINE HYCLATE 20 MG ORAL TABLET","42806-0362-01","-1020","11","660","419.20","100.35","-317.74%","-76.06%","0","100"
"LACOSAMIDE 150MG TABLET","62332-0173-60","60","7","660","10104.93","258.08","-3815.43%","-97.45%","0","60"
"MORPHINE SULFATE ER 30 MG ORAL TABLET EXTENDED RELEASE","42858-0802-01","80","11","660","362.67","307.91","-17.78%","-15.1%","0","100"
"PAXIL 20 MG ORAL TABLET","60505-4518-03","-660","11","660","6976.64","6918.39","-0.84%","-0.83%","0","30"
"CLINDAMYCIN PHOSPHATE 1 % EXTERNAL SOLUTION","51672-4081-04","-660","11","660","1100.00","250.54","-339.05%","-77.22%","0","60"
"AMOXICILLIN 500MG TABLET","57237-0028-01","-1024","17","654","280.06","74.95","-273.66%","-73.24%","0","100"
"WARFARIN 4MG TAB ***","00093-1716-01","-650","13","650","431.73","27.38","-1476.81%","-93.66%","0","100"
"SILVER SULFADIAZINE 1 % EXTERNAL CREAM","67877-0124-05","-650","13","650","232.05","138.19","-67.92%","-40.45%","0","50"
"CRYSELLE-28 0.3-0.03MG TABLET","00555-9049-58","-1512","18","644","1150.00","367.38","-213.03%","-68.05%","0","28"
"ALTAVERA 0.15-30MG TABLET****","70700-0116-85","-1568","11","644","2530.00","147.25","-1618.17%","-94.18%","0","28"
"HYOSCYAMINE SULFATE 0.125MG TABLET","47781-0013-01","-1852","16","640","467.84","310.08","-50.88%","-33.72%","0","100"
"PROPRANOLOL 40MG TABLET","69238-2079-01","-910","5","640","394.03","103.17","-281.92%","-73.82%","0","100"
"TRIAMCINOLONE ACETONIDE 0.1% CREAM","67877-0251-80","-1200","8","640","100.08","38.71","-158.54%","-61.32%","0","80"
"BENZONATATE 100 MG CAPSULE","51224-0010-60","-4936","19","631","1893.00","213.51","-786.61%","-88.72%","0","500"
"FLUVOXAMINE 50MG TAB ***","62559-0159-01","-3150","2","630","1133.38","108.10","-948.46%","-90.46%","0","100"
"ARIPIPRAZOLE 2MG TABLET","67877-0430-03","-2800","13","630","17340.33","97.23","-17734.34%","-99.44%","0","30"
"ATENOLOL 100MG TABLET","64980-0439-01","-5700","7","630","678.02","72.60","-833.91%","-89.29%","0","100"
"ALOGLIPTIN BENZOATE 25MG TABLET","45802-0150-65","-1920","7","630","5250.00","3271.98","-60.45%","-37.68%","0","30"
"GLIMEPIRIDE 2MG TAB ***","16729-0002-16","-3000","7","630","278.74","59.15","-371.24%","-78.78%","0","500"
"IRBESARTAN 150MG TABLET","62332-0042-90","-1890","7","630","1663.55","73.92","-2150.47%","-95.56%","0","90"
"XIGDUO XR 10-1000MG TABLET","00310-6280-30","-1620","7","630","11211.27","11678.03","4%","4.16%","0","30"
"ISOSORBIDE DINITRATE 20 MG ORAL TABLET","72888-0083-00","-630","5","630","645.76","219.80","-193.79%","-65.96%","0","1000"
"TACROLIMUS 1 MG ORAL CAPSULE","70377-0015-11","-810","2","630","2416.18","349.67","-590.99%","-85.53%","0","100"
"CREON 24000-76000 UNIT CAPSULE DR","00032-2636-01","-630","7","630","5529.23","5178.58","-6.77%","-6.34%","0","100"
"AMLODIPINE BENAZEPRIL 10-40MG CAPSULE","55111-0586-01","-630","7","630","2623.46","189.09","-1287.41%","-92.79%","0","100"
"PROGESTERONE 100 MG CAPSULE","59651-0152-01","-894","24","624","1126.92","240.96","-367.68%","-78.62%","0","100"
"LO LOESTRIN FE 1 MG-10 MCG / 10 MCG ORAL TABLET","00430-0420-14","-700","8","616","3698.49","4144.35","10.76%","12.06%","0","140"
"IBUPROFEN 600MG TABLET","49483-0603-50","-20595","12","614","285.87","99.24","-188.06%","-65.28%","0","500"
"CEPHALEXIN 250 MG/5ML SUSPENSION RECONSTITUTED","67877-0545-68","-3000","3","600","104.49","65.52","-59.48%","-37.3%","0","200"
"CLINDAMYCIN PHOS-BENZOYL PEROX 1.2-2.5 % EXTERNAL GEL","45802-0597-01","-2300","12","600","2476.80","841.69","-194.27%","-66.02%","0","50"
"ZORYVE 0.3 % EXTERNAL CREAM","80610-0130-60","-1020","10","600","9208.70","8878.17","-3.72%","-3.59%","0","60"
"APRISO 0.375GM EXT-RELEASE CAPSULE*****","65649-0103-02","-1560","5","600","7500.00","2494.29","-200.69%","-66.74%","0","120"
"SELENIUM SULFIDE 2.5 % EXTERNAL LOTION","45802-0040-64","-2640","5","600","85.15","27.17","-213.4%","-68.09%","0","120"
"LORATADINE 5 MG/5ML ORAL SOLUTION","58602-0423-24","-840","3","600","27.35","15.72","-73.98%","-42.52%","0","120"
"HALOPERIDOL 5MG TAB ***","68382-0079-01","-2766","14","600","614.26","107.80","-469.81%","-82.45%","0","100"
"ATORVALIQ 20 MG/5ML ORAL SUSPENSION","46287-0030-01","-600","4","600","743.04","733.00","-1.37%","-1.35%","0","150"
"POTASSIUM CHLORIDE 20 MEQ ORAL PACKET","60219-1617-03","-1443","4","600","5541.60","258.14","-2046.74%","-95.34%","0","30"
"ZORYVE 0.3 % EXTERNAL FOAM","80610-0430-60","-660","10","600","8854.60","9046.26","2.12%","2.16%","0","60"
"ALBUTEROL SULFATE 1.25 MG/3ML INHALATION NEBULIZATION SOLUTION","00378-7058-52","-750","8","600","285.52","61.19","-366.61%","-78.57%","0","75"
"DIPHENHYDRAMINE HCL 12.5 MG/5ML(BENADRYL)LIQ-NYM","71800-0058-19","-595","5","595","500.00","186.58","-167.98%","-62.68%","0","119"
"OYSTER SHELL CALCIUM W/D 500-5 MG-MCG ORAL TABLET","00904-5460-72","-1950","6","590","11.15","14.22","21.59%","27.53%","0","300"
"LO-ZUMANDIMINE 3-0.02 MG ORAL TABLET","59651-0029-88","-700","13","588","1278.86","112.10","-1040.82%","-91.23%","0","84"
"NYSTATIN 100000 UNIT/ML MOUTH/THROAT SUSPENSION","00121-0868-16","-585","2","585","123.37","48.41","-154.84%","-60.76%","0","473"
"MIEBO 1.338 GM/ML OPHTHALMIC SOLUTION","24208-0377-05","-693","151","579","153564.31","148954.61","-3.09%","-3%","0","3"
"OZEMPIC (2 MG/DOSE) 8 MG/3ML PEN-INJECTOR","00169-4772-12","-882","143","573","175834.60","181685.97","3.22%","3.33%","0","3"
"PRIMIDONE 50MG TAB ***","53746-0544-01","-1530","10","570","197.55","50.33","-292.51%","-74.52%","0","100"
"RAMIPRIL 2.5MG CAPSULE","65862-0475-01","-1620","11","570","885.36","45.86","-1830.57%","-94.82%","0","100"
"AZELASTINE HCL 137MCG/SPRAY SOLUTION","59651-0214-30","-2820","19","570","1719.69","265.82","-546.94%","-84.54%","0","30"
"TELMISARTAN 40MG TABLET","00378-2921-93","-1320","7","570","2706.36","177.87","-1421.54%","-93.43%","0","30"
"TERAZOSIN HCL 5 MG ORAL CAPSULE","24689-0882-01","-1320","11","570","786.79","37.71","-1986.42%","-95.21%","0","100"
"BUSPIRONE HCL 30 MG ORAL TABLET","72888-0066-05","-570","9","570","1696.69","159.33","-964.89%","-90.61%","0","500"
"CITALOPRAM 20MG TABLET","69097-0823-12","-570","13","570","1180.12","48.27","-2344.83%","-95.91%","0","500"
"OLOPATADINE HCL 0.1 % OPHTHALMIC SOLUTION","70512-0520-05","-900","107","565","1206.84","1682.87","28.29%","39.44%","0","5"
"BRIMONIDINE TARTRATE 0.2 % OPHTHALMIC SOLUTION","61314-0143-15","-1745","31","555","3115.77","625.92","-397.79%","-79.91%","0","15"
"CAPSAICIN PAIN RELIEF 0.1 % EXTERNAL CREAM","70000-0549-01","-595","13","552.5","168.92","238.86","29.28%","41.4%","0","42.5"
"FAMOTIDINE 40MG/5ML SUSPENSION RECONSTITUTED","68180-0150-01","-950","9","550","1673.98","208.94","-701.18%","-87.52%","0","50"
"INSULIN GLARGINE 100 UNIT/ML YFGN","83257-0015-32","-939","48","543","6433.91","3269.64","-96.78%","-49.18%","0","15"
"RETIN-A 0.025 % EXTERNAL CREAM","00187-5160-45","-2520","12","540","417.96","520.29","19.67%","24.48%","0","45"
"ARIPIPRAZOLE 20MG TABLET","67877-0434-03","-2430","15","540","20903.40","172.74","-12001.08%","-99.17%","0","30"
"FLUOXETINE 40MG CAPSULE","49483-0703-50","-4113","11","540","386.39","145.01","-166.46%","-62.47%","0","500"
"ARNUITY ELLIPTA 100 MCG/ACT INH AEROSOL","00173-0874-10","-870","8","540","3872.88","3544.87","-9.25%","-8.47%","0","30"
"CLOBAZAM 10MG TABLET","42571-0315-01","50","6","540","8823.60","201.77","-4273.1%","-97.71%","0","100"
"BENAZEPRIL 40MG TABLET","65162-0754-50","-2520","6","540","488.16","21.51","-2169.46%","-95.59%","0","500"
"OXYBUTYNIN 5MG TABLET ER","27241-0155-08","-1590","12","540","1525.11","41.87","-3542.49%","-97.25%","0","500"
"REPAGLINIDE 0.5MG TAB ***","65862-0670-01","-1770","2","540","1546.56","36.75","-4108.33%","-97.62%","0","100"
"IBSRELA 50 MG ORAL TABLET","73154-0050-60","-960","9","540","16588.35","17011.78","2.49%","2.55%","0","60"
"ALFUZOSIN HCL ER 10MG TABLET","57237-0114-90","-3660","14","540","1956.78","47.85","-3989.4%","-97.55%","0","90"
"TELMISARTAN 80MG TABLET","00378-2922-93","-2340","6","540","2086.92","86.27","-2319.06%","-95.87%","0","30"
"SANTYL 250 UNIT/GM EXTERNAL OINTMENT","50484-0010-90","-1080","6","540","5338.14","5642.39","5.39%","5.7%","0","90"
"CLOBETASOL PROPIONATE 0.05% CREAM","21922-0016-07","-1920","9","540","3805.55","677.32","-461.85%","-82.2%","0","60"
"BETAMETHASONE DIPROPIONATE 0.05 % CREAM","70710-1233-04","-2340","10","540","1029.76","325.70","-216.17%","-68.37%","0","45"
"BRILINTA 90MG TABLET****","00186-0777-60","-8640","3","540","4770.00","4036.46","-18.17%","-15.38%","0","60"
"SULFASALAZINE 500 MG TABLET","59762-5000-06","-1680","3","540","101.55","49.58","-104.82%","-51.18%","0","300"
"RANOLAZINE ER 1000MG TABLET","67877-0526-60","-2040","3","540","4899.06","134.92","-3531.09%","-97.25%","0","60"
"WIXELA (ADVAIR) 250-50MCG/DOSE AEROSOL****","00378-9321-32","-720","3","540","3475.89","626.82","-454.53%","-81.97%","0","60"
"TACROLIMUS 0.1 % EXTERNAL OINTMENT","00168-0416-60","-540","9","540","4031.73","1267.46","-218.1%","-68.56%","0","60"
"NEURONTIN 400 MG ORAL CAPSULE","58151-0283-01","-540","2","540","4934.74","4320.47","-14.22%","-12.45%","0","100"
"MIRABEGRON ER 25MG TABLET","70710-1159-03","-540","18","540","7695.36","4251.88","-80.99%","-44.75%","0","30"
"POTASSIUM CHLORIDE 20 MEQ ORAL PACKET","72888-0024-10","-540","3","540","4738.11","372.30","-1172.66%","-92.14%","0","100"
"CHLORPROMAZINE HCL 50 MG ORAL TABLET","00832-6019-10","-540","2","540","4529.14","210.62","-2050.38%","-95.35%","0","1000"
"TRI-LO-ESTARYLLA 0.18/0.215/0.25 MG-25 MCG ORAL TABLET","70700-0120-85","-980","13","532","1005.86","195.99","-413.22%","-80.52%","0","84"
"DICLOFENAC POTASSIUM 50MG TABLET","72888-0073-01","-1275","16","525","1245.83","95.11","-1209.88%","-92.37%","0","100"
"AMOXICILLIN 400 MG/5ML ORAL SUSPENSION RECONSTITUTED","00093-4161-78","-3975","3","525","44.10","50.88","13.33%","15.37%","0","75"
"LUMIGAN 0.01% SOLUTION*****","00023-3205-08","-1477.5","69","517.5","57615.00","52326.69","-10.11%","-9.18%","0","7.5"
"LAMOTRIGINE 100MG TABLET","65862-0228-01","-1500","17","510","2083.86","33.14","-6188.05%","-98.41%","0","100"
"IYUZEH 0.005 % OPHTHALMIC SOLUTION","82584-0003-30","-1080","17","510","5245.69","5099.18","-2.87%","-2.79%","0","30"
"TRINTELLIX 10MG TABLET****","64764-0730-30","-1140","17","510","11050.00","8487.36","-30.19%","-23.19%","0","30"
"NORTRIPTYLINE 25MG CAPSULE","51672-4002-01","-2700","13","510","643.30","23.65","-2620.08%","-96.32%","0","100"
"CHLORTHALIDONE 50MG TABLET","43598-0720-01","-1980","11","510","652.80","118.35","-451.58%","-81.87%","0","100"
"CITALOPRAM 40MG TABLET ***","13668-0011-05","-3020","11","510","945.00","7.53","-12449.8%","-99.2%","0","500"
"REFRESH CELLUVISC 1 % OPHTHALMIC GEL","00023-4554-30","-1230","17","510","169.83","250.41","32.18%","47.45%","0","30"
"WARFARIN SODIUM 2 MG TABLET","00093-1713-01","-1320","16","510","280.34","204.16","-37.31%","-27.17%","0","100"
"IRBESARTAN-HYDROCHLOROTHIAZIDE 300-12.5 MG ORAL TABLET","43547-0331-09","-695","7","510","1783.64","91.65","-1846.14%","-94.86%","0","90"
"PREGABALIN 25 MG CAPSULE","69238-1310-09","150","5","510","3696.27","46.63","-7826.81%","-98.74%","0","90"
"SPIRONOLACTONE 25MG TABLET","68382-0660-01","-705","7","510","201.74","56.55","-256.75%","-71.97%","0","100"
"AMOXICILLIN-CLAVULANATE 875-125 MG TABLET","00093-2275-34","-2892","29","509","2211.34","169.56","-1204.16%","-92.33%","0","20"
"TACROLIMUS 0.03 % OINTMENT","00168-0417-99","-700","5","500","3733.10","455.28","-719.96%","-87.8%","0","100"
"CEPHALEXIN 250 MG/5ML ORAL SUSPENSION RECONSTITUTED","67877-0545-88","-1000","3","500","98.25","64.74","-51.76%","-34.11%","0","100"
"PREDNISOLONE ACETATE 1% SUSPENSION","61314-0637-15","-1320","33","495","6600.00","2608.81","-152.99%","-60.47%","0","15"
"CLINDAMYCIN 300MG CAPSULE","65862-0186-01","-1511","20","488","1560.00","150.34","-937.65%","-90.36%","0","100"
"NITROFURANTOIN MONOHYD MACRO 100 MG CAPSULE","65162-0478-10","-1923","43","486","2480.03","232.91","-964.8%","-90.61%","0","100"
"ALPRAZOLAM 1 MG ORAL TABLET","00781-1079-01","125","9","485","482.01","41.03","-1074.77%","-91.49%","0","100"
"DIVALPROEX SODIUM 250MG TABLET DR","57237-0047-01","-600","10","480","719.37","125.88","-471.47%","-82.5%","0","100"
"VRAYLAR 3MG CAPSULE","61874-0130-30","-990","16","480","21664.80","23818.53","9.04%","9.94%","0","30"
"BUDESONIDE 0.25 MG/2ML INHALATION SUSPENSION","00093-6815-73","-1380","4","480","1943.04","477.51","-306.91%","-75.42%","0","60"
"BANOPHEN 50MG CAPSULE","00904-5307-80","-1557","10","480","6.69","111.97","94.03%","1573.69%","0","1000"
"LORATADINE 5MG/5ML SOLUTION","54838-0558-40","-12120","2","480","23.84","40.20","40.7%","68.62%","0","120"
"AMLODIPINE-VALSARTAN-HCTZ 5-160-25 MG ORAL TABLET","64380-0198-01","-810","9","480","3951.20","2874.19","-37.47%","-27.26%","0","30"
"NEBIVOLOL 20MG TABLET","62559-0278-90","-2280","6","480","2344.21","68.00","-3347.37%","-97.1%","0","90"
"DOXEPIN 10MG CAPSULE","71921-0162-01","-1500","8","480","187.68","74.49","-151.95%","-60.31%","0","100"
"PRAVASTATIN 80MG TABLET","70377-0048-12","-1380","14","480","1979.19","178.37","-1009.6%","-90.99%","0","90"
"BUMETANIDE 1 MG ORAL TABLET","69238-1490-01","-570","8","480","1113.32","63.37","-1656.86%","-94.31%","0","100"
"CALCIPOTRIENE 0.005 % EXTERNAL CREAM","66993-0877-78","-480","4","480","2990.34","319.84","-834.95%","-89.3%","0","120"
"MEMANTINE HCL ER 7MG CAPSULE","70436-0054-04","-480","10","480","6307.52","336.69","-1773.39%","-94.66%","0","30"
"CALCIPOTRIENE 0.005 % EXTERNAL OINTMENT","68462-0310-65","-540","8","480","2840.00","1313.88","-116.15%","-53.74%","0","60"
"DULOXETINE 20MG CAPSULE DR","68180-0294-07","-490","12","480","2888.93","119.80","-2311.46%","-95.85%","0","60"
"CLINDAMYCIN PHOS 1 % EXTERNAL GEL","45802-0900-96","-480","8","480","800.00","92.40","-765.8%","-88.45%","0","60"
"CYCLOSPORINE 0.05 % OPHTHALMIC EMULSION","60505-6202-02","-480","4","480","5063.84","2161.28","-134.3%","-57.32%","0","60"
"OXYCODONE 30MG TABLET ***","47781-0265-05","469","3","480","1481.66","104.39","-1319.35%","-92.95%","0","500"
"METOLAZONE 5 MG TABLET","00185-0055-01","-564","15","474","960.18","134.23","-615.32%","-86.02%","0","100"
"ROBAFEN DM 20-200 MG/20ML ORAL LIQUID","00904-7223-59","-2132","2","473","5.09","27.52","81.5%","440.67%","0","237"
"CLOBETASOL PROPIONATE 0.05 % EXTERNAL SHAMPOO","45802-0961-26","-708","4","472","536.64","283.44","-89.33%","-47.18%","0","118"
"PREDNISOLONE ACETATE 1% SUSPENSION","61314-0637-10","-1850","47","470","7520.00","2227.29","-237.63%","-70.38%","0","10"
"TRIAMCINOLONE ACETONIDE 0.5 % CREAM","00168-0002-15","-540","28","465","296.05","241.70","-22.49%","-18.36%","0","15"
"OXYCODONE-ACETAMINOPHEN 5-325 MG ORAL TABLET","47781-0196-01","243","10","465","547.36","89.91","-508.79%","-83.57%","0","100"
"BANOPHEN 25 MG TABLET","00904-5551-59","-1453","12","464","23.78","128.04","81.43%","438.44%","0","100"
"BRIMONIDINE TARTRATE 0.2% SOLUTION","61314-0143-10","-1760","42","460","2100.82","563.42","-272.87%","-73.18%","0","10"
"OXYBUTYNIN CHLORIDE 5MG TABLET","70954-0005-30","-2047","6","457","298.84","67.65","-341.74%","-77.36%","0","1000"
"AMITRIPTYLINE 25MG TAB ***","16729-0172-01","-1890","15","450","450.00","137.92","-226.28%","-69.35%","0","100"
"WARFARIN 2.5MG TABLET","00093-1714-01","-1680","10","450","255.32","141.71","-80.17%","-44.5%","0","100"
"RALOXIFENE 60MG TABLET","69097-0825-02","-2820","5","450","2758.50","130.69","-2010.72%","-95.26%","0","30"
"CITALOPRAM 20MG TABLET ***","13668-0010-05","-6320","11","450","807.32","19.00","-4149.05%","-97.65%","0","500"
"LOVASTATIN 20MG TAB ***","68180-0468-01","-1380","5","450","747.50","9.21","-8016.18%","-98.77%","0","100"
"SPIRONOLACTONE-HCTZ 25-25 MG ORAL TABLET","53489-0144-05","-450","5","450","566.55","115.54","-390.35%","-79.61%","0","500"
"SYNTHROID 75MCG TABLET ***","00074-5182-90","-1470","5","450","668.65","724.59","7.72%","8.37%","0","90"
"SYMTUZA 800-150-200-10MG TABLET","59676-0800-30","-1410","15","450","62923.05","67287.45","6.49%","6.94%","0","30"
"AMITRIPTYLINE HCL 50 MG ORAL TABLET","16571-0107-01","-540","16","450","491.54","61.99","-692.93%","-87.39%","0","100"
"ATORVASTATIN 10MG TABLET","75834-0255-01","-6390","13","450","2250.00","100.80","-2132.14%","-95.52%","0","1000"
"GLYCOPYRROLATE 1MG TABLET","13107-0014-01","-2340","8","450","590.77","109.35","-440.26%","-81.49%","0","100"
"RAMIPRIL 10MG CAP ***","68180-0591-02","-1238","5","450","858.10","13.79","-6122.63%","-98.39%","0","500"
"TRIAMTERENE-HCTZ 75-50 MG ORAL TABLET","60505-2657-01","-450","5","450","430.85","22.40","-1823.44%","-94.8%","0","100"
"OLANZAPINE 2.5MG TABLET","55111-0163-30","-1653","6","450","4333.50","52.22","-8198.54%","-98.79%","0","30"
"OLMESARTAN-HCTZ 20-12.5MG TABLET","70756-0812-90","-1440","5","450","3377.50","77.95","-4232.91%","-97.69%","0","90"
"NEXLETOL 180 MG ORAL TABLET","72426-0118-03","-450","5","450","6313.35","5987.27","-5.45%","-5.16%","0","30"
"CANDESARTAN CILEXETIL-HCTZ 32-12.5 MG ORAL TABLET","43547-0460-09","-450","5","450","1863.00","554.47","-236%","-70.24%","0","90"
"GLYBURIDE-METFORMIN 5-500 MG ORAL TABLET","23155-0235-01","-480","4","450","397.80","40.59","-880.04%","-89.8%","0","100"
"GABAPENTIN 800 MG ORAL TABLET","82619-0146-02","-450","5","450","63.40","33.26","-90.62%","-47.54%","0","500"
"NYSTATIN 100000 UNIT/ML MOUTH/THROAT SUSPENSION","69315-0504-47","-1461","2","448","31.02","15.76","-96.83%","-49.19%","0","473"
"TERCONAZOLE 0.8 % VAGINAL CREAM","00168-0347-20","-1120","22","440","927.74","598.56","-55%","-35.48%","0","20"
"IPRATROPIUM BROMIDE 0.06 % NASAL SOLUTION","69238-2017-02","-1410","29","435","2386.99","440.41","-441.99%","-81.55%","0","15"
"ACYCLOVIR 800 MG TABLET","31722-0778-01","-1185","11","435","1577.25","166.51","-847.24%","-89.44%","0","100"
"IBUPROFEN 400 MG ORAL TABLET","00904-5853-40","-762","6","432","59.42","52.51","-13.16%","-11.63%","0","500"
"BANOPHEN 25MG CAPSULE","00904-7237-80","-454","14","423","6.49","137.73","95.29%","2022.19%","0","1000"
"CIPROFLOXACIN 500MG TABLET","00143-9928-01","-1587","32","421","1943.44","125.49","-1448.68%","-93.54%","0","100"
"NORTRIPTYLINE 50MG CAPSULE","51672-4003-01","-930","16","420","999.04","162.67","-514.15%","-83.72%","0","100"
"DESVENLAFAXINE SUCCINATE ER 50MG TABLET","68180-0592-06","-480","6","420","3373.02","102.55","-3189.15%","-96.96%","0","30"
"DOXEPIN HCL 50 MG ORAL CAPSULE","62332-0645-31","-540","6","420","425.28","49.36","-761.59%","-88.39%","0","100"
"PRAZOSIN HCL 2 MG ORAL CAPSULE","70377-0067-11","-1200","8","420","477.68","94.84","-403.67%","-80.15%","0","100"
"CLOMIPRAMINE HCL 25 MG ORAL CAPSULE","42571-0342-01","-960","14","420","4060.56","310.57","-1207.45%","-92.35%","0","100"
"DEPAKOTE ER 250 MG TABLET","00074-7401-13","-1110","14","420","1722.00","1644.88","-4.69%","-4.48%","0","100"
"EUCRISA 2% OINTMENT*****","55724-0211-21","-1620","7","420","5950.00","5386.63","-10.46%","-9.47%","0","60"
"CANDESARTAN CILEXETIL 16 MG ORAL TABLET","62332-0343-90","-1175","6","420","995.26","264.00","-276.99%","-73.47%","0","90"
"GUANFACINE ER 1MG TAB ***","24979-0533-01","-870","14","420","3084.34","204.53","-1408.01%","-93.37%","0","100"
"DIGOXIN 250MCG TABLET ***","70954-0202-10","-2700","14","420","830.76","193.42","-329.51%","-76.72%","0","100"
"DILTIAZEM 360MG CAPSULE ER","50742-0252-90","-1380","14","420","3696.70","162.21","-2178.96%","-95.61%","0","90"
"LITHIUM CARBONATE ER 45 MG TABLET","64980-0278-01","-420","3","420","167.49","136.01","-23.15%","-18.8%","0","100"
"RIVAROXABAN 2.5 MG ORAL TABLET","43598-0981-60","-420","3","420","3887.87","1250.29","-210.96%","-67.84%","0","60"
"OMEPRAZOLE 20MG CAPSULE DR","68462-0396-10","-450","6","420","1553.26","17.48","-8785.93%","-98.87%","0","1000"
"DAPAGLIFLOZIN PROPANEDIOL 5MG TABLET","66993-0456-30","-420","6","420","7991.62","2540.48","-214.57%","-68.21%","0","30"
"BRIMONIDINE TARTRATE 0.2% SOLUTION","61314-0143-05","-865","63","415","1897.38","602.56","-214.89%","-68.24%","0","5"
"PREDNISOLONE ACETATE 1% SUSPENSION","61314-0637-05","-1435","75","415","5395.00","2128.40","-153.48%","-60.55%","0","5"
"DORZOLAMIDE HCL 2% SOLUTION","61314-0019-10","-1570","39","410","1915.93","295.17","-549.09%","-84.59%","0","10"
"CICLOPIROX 8 % EXTERNAL SOLUTION","42192-0715-06","-1168.2","62","409.2","10972.14","1012.64","-983.52%","-90.77%","0","6.6"
"WARFARIN SODIUM 3MG TABLET","51672-4030-01","-1490","12","405","186.30","16.52","-1027.72%","-91.13%","0","100"
"BETAMETHASONE DIPROPIONATE 0.05 % EXTERNAL OINTMENT","72578-0093-06","-1395","9","405","951.03","252.71","-276.33%","-73.43%","0","45"
"CLOTRIMAZOLE-BETAMETHASONE 1-0.05 % EXTERNAL CREAM","51672-4048-06","-630","5","405","679.32","106.94","-535.23%","-84.26%","0","45"
"LIDOCAINE 5 % EXTERNAL OINTMENT","70752-0113-04","-1850","8","400","2620.96","168.11","-1459.07%","-93.59%","0","50"
"POLY-VI-SOL/IRON 11 MG/ML ORAL SOLUTION","00087-0405-01","-650","6","400","67.68","58.16","-16.37%","-14.07%","0","50"
"SODIUM FLUORIDE 5000 PPM 1.1 % DENTAL PASTE","11527-0750-43","-500","4","400","54.36","44.02","-23.49%","-19.02%","0","100"
"NURTEC 75MG TABLET DISINTEGRATING","72618-3000-02","-800","25","400","47435.00","50397.35","5.88%","6.25%","0","8"
"ACETAZOLAMIDE 125 MG ORAL TABLET","72578-0149-01","-400","3","400","718.11","29.04","-2372.83%","-95.96%","0","100"
"LIDOCAINE 5 % EXTERNAL OINTMENT","33342-0405-50","-400","8","400","3044.00","87.16","-3392.43%","-97.14%","0","50"
"MICROLET LANCETS","00193-6586-21","-400","3","400","41.12","37.99","-8.24%","-7.61%","0","100"
"TRAMADOL 50 MG TABLET","60219-2348-05","589","16","395","283.25","14.60","-1840.07%","-94.85%","0","500"
"TRAMADOL HCL ER 200MG TABLET","68180-0698-06","30","13","390","2018.38","764.92","-163.87%","-62.1%","0","30"
"TRAZODONE 300MG TABLET","13668-0333-01","-1350","13","390","1822.99","387.93","-369.93%","-78.72%","0","100"
"NORTRIPTYLINE 10MG CAPSULE","51672-4001-01","-1080","13","390","246.35","15.30","-1510.13%","-93.79%","0","100"
"AMITRIPTYLINE 50MG TABLET","16729-0173-01","-1650","11","390","426.00","22.59","-1785.79%","-94.7%","0","100"
"ABILIFY 5MG TABLET","59148-0007-13","-990","13","390","7832.24","7402.20","-5.81%","-5.49%","0","30"
"OLMESARTAN-AMLODIPINE-HCTZ 40-10-12.5 MG ORAL TABLET","49884-0789-09","-390","13","390","3321.50","1070.75","-210.2%","-67.76%","0","90"
"ENALAPRIL MALEATE 2.5MG TABLET","23155-0704-01","-2200","11","390","488.81","53.14","-819.85%","-89.13%","0","100"
"FLUPHENAZINE HCL 1 MG ORAL TABLET","70954-0273-10","-1740","5","390","1473.07","47.35","-3011.02%","-96.79%","0","100"
"ARIPIPRAZOLE 5MG TABLET","67877-0431-03","-1732","13","390","10734.49","151.19","-7000%","-98.59%","0","30"
"ENALAPRIL 20MG TAB ***","68682-0713-10","-3990","5","390","390.00","43.80","-790.41%","-88.77%","0","1000"
"DEXILANT 60MG CAP ***","64764-0175-30","-2040","13","390","5200.00","3793.86","-37.06%","-27.04%","0","30"
"OLANZAPINE 5MG TABLET","43598-0164-30","-1259","9","390","4432.61","33.48","-13139.58%","-99.24%","0","30"
"ACYCLOVIR 5 % EXTERNAL OINTMENT","68462-0746-35","-480","13","390","10057.79","144.29","-6870.54%","-98.57%","0","30"
"EYE ITCH RELIEF 0.025 % OPHTHALMIC SOLUTION","70000-0522-01","-1180","77","385","747.67","1807.68","58.64%","141.78%","0","5"
"INSULIN LISPRO 100 UNIT/ML SQ SOLUTION","00002-8222-59","-573","21","384","4203.74","4194.33","-0.22%","-0.22%","0","15"
"INSULIN LISPRO 100 UNIT/ML INJECTION SOLUTION","00002-7737-01","-1120","6","380","980.40","974.88","-0.57%","-0.56%","0","10"
"METOCLOPRAMIDE 5MG TABLET","00093-2204-05","-1790","4","380","107.86","22.94","-370.18%","-78.73%","0","500"
"HYOSCYAMINE SULFATE 0.125 MG SUBLINGUAL TABLET","62135-0859-12","-576","3","378","1950.48","1589.79","-22.69%","-18.49%","0","120"
"QUETIAPINE FUMARATE 200 MG ORAL TABLET","67877-0246-01","-405","13","375","4174.87","167.31","-2395.29%","-95.99%","0","100"
"AMOXICILLIN-CLAVULANATE 600-42.9MG/5ML SUSPENSION","65862-0535-13","-960","2","375","214.23","44.36","-382.94%","-79.29%","0","125"
"HYDROXYZINE HCL 10MG TAB ***","23155-0500-05","-525","10","375","218.25","77.55","-181.43%","-64.47%","0","500"
"AIRSUPRA 90-80 MCG/ACT INHALATION AEROSOL","00310-9080-12","-385.2","35","374.5","17157.00","16383.70","-4.72%","-4.51%","0","10.7"
"FLUTICASONE PROPIONATE HFA 44 MCG/ACT INH AEROSOL","66993-0078-96","-657.2","35","371","7018.55","4867.42","-44.19%","-30.65%","0","10.6"
"HYDROCORTISONE 2.5 % EXTERNAL CREAM ***","45802-0004-03","-756","11","364","206.45","50.88","-305.76%","-75.35%","0","28"
"HYDROMORPHONE HCL 2 MG ORAL TABLET","00406-3243-01","238","10","362","192.89","40.15","-380.42%","-79.19%","0","100"
"LUBRICANT EYE DROPS 0.6 % SOLUTION","70000-0013-01","-720","24","360","177.36","264.96","33.06%","49.39%","0","15"
"RANOLAZINE ER 500MG TABLET","45963-0418-06","-840","4","360","2202.06","64.85","-3295.62%","-97.06%","0","60"
"PRAMIPEXOLE 0.25 MG TABLET","13668-0092-05","-8550","4","360","913.20","7.15","-12672.03%","-99.22%","0","500"
"FOLIC ACID 400 MCG ORAL TABLET","80681-0099-00","-990","4","360","6.00","4.64","-29.31%","-22.67%","0","100"
"TACROLIMUS 0.03% OINTMENT","00168-0417-60","-900","6","360","2187.84","348.19","-528.35%","-84.09%","0","60"
"GENTAMICIN SULFATE 0.1 % EXTERNAL OINTMENT","00713-0682-31","-960","12","360","1019.16","353.25","-188.51%","-65.34%","0","30"
"AMPHETAMINE-DEXTROAMPHETAMINE 20MG TABLET","72516-0012-01","20","7","360","530.64","178.56","-197.18%","-66.35%","0","100"
"LOVASTATIN 40MG TAB ***","68180-0469-01","-1260","4","360","1076.56","11.32","-9410.25%","-98.95%","0","100"
"OLMESARTAN MEDOXOMIL-HCTZ 40-12.5 MG ORAL TABLET","65862-0780-90","-720","4","360","2702.00","74.18","-3542.49%","-97.25%","0","90"
"NYSTATIN 100000UNIT/GM OINTMENT","00713-0686-31","-1650","12","360","270.96","123.48","-119.44%","-54.43%","0","30"
"CICLOPIROX 0.77 % EXTERNAL GEL","00574-2061-45","-1755","8","360","832.72","299.76","-177.8%","-64%","0","45"
"BUSPIRONE HCL 30 MG ORAL TABLET","59651-0393-60","-1080","6","360","1124.88","105.17","-969.58%","-90.65%","0","60"
"PHENTERMINE 37.5MG TABLET","10702-0025-01","20","12","360","477.60","79.68","-499.4%","-83.32%","0","100"
"ESOMEPRAZOLE 20MG CAPSULE DR","70377-0055-12","-1860","8","360","2793.62","93.13","-2899.7%","-96.67%","0","90"
"MYRBETRIQ 25MG TABLET****","00469-2601-30","-1440","12","360","8400.00","5011.96","-67.6%","-40.33%","0","30"
"BUPROPION (SR) 200MG","70436-0060-01","-1980","6","360","1045.86","88.02","-1088.21%","-91.58%","0","100"
"CLOTRIMAZOLE 1 % EXTERNAL CREAM","51672-1275-02","-1080","10","360","464.85","122.12","-280.65%","-73.73%","0","30"
"DUTASTERIDE-TAMSULOSIN HCL 0.5-0.4 MG ORAL CAPSULE","68382-0640-06","-930","12","360","1873.44","585.07","-220.21%","-68.77%","0","30"
"DEXLANSOPRAZOLE 60 MG CAPSULE DR","49884-0148-11","-1170","12","360","3246.24","1933.59","-67.89%","-40.44%","0","30"
"NICOTINE POLACRILEX 4 MG MOUTH/THROAT LOZENGE","70000-0561-01","-1008","3","360","150.45","77.65","-93.75%","-48.39%","0","72"
"CANDESARTAN-HCTZ 32-12.5MG TABLET","33342-0132-10","-1890","4","360","1490.40","566.22","-163.22%","-62.01%","0","90"
"RIVASTIGMINE TARTRATE 1.5 MG ORAL CAPSULE","33342-0089-09","-420","6","360","1247.94","99.00","-1160.55%","-92.07%","0","60"
"HYDRALAZINE HCL 10 MG ORAL TABLET","23155-0832-01","-960","2","360","127.40","3.55","-3488.73%","-97.21%","0","100"
"METFORMIN ER (OSM) 1000MG TABLET EXTENDED RELEASE","68180-0337-07","-1260","2","360","9721.44","227.02","-4182.2%","-97.66%","0","60"
"METRONIDAZOLE TOPICAL 0.75% CREAM","00168-0323-46","-900","8","360","1130.28","124.42","-808.44%","-88.99%","0","45"
"MEMANTINE 14MG CAPSULE ER","70436-0055-04","-1240","4","360","4730.64","435.51","-986.23%","-90.79%","0","30"
"NEBIVOLOL 10MG TABLET","62559-0277-30","-1920","4","360","1758.12","60.79","-2792.12%","-96.54%","0","30"
"FOSINOPRIL 20MG TAB ***","69097-0857-05","-1380","4","360","299.88","101.43","-195.65%","-66.18%","0","90"
"METOPROLOL-HCTZ 50-25MG TABLET","00378-0424-01","-1260","4","360","433.92","166.80","-160.14%","-61.56%","0","100"
"DILTIAZEM 300MG CAPSULE ER","50742-0251-30","-1260","4","360","786.60","121.16","-549.22%","-84.6%","0","30"
"IRBESARTAN-HCTZ 150-12.5MG TABLET","43547-0330-09","-1080","4","360","1155.84","34.16","-3283.61%","-97.04%","0","90"
"FOSINOPRIL-HCTZ 20-12.5MG TAB ***","65862-0309-01","-2310","4","360","373.20","110.48","-237.8%","-70.4%","0","100"
"AMLODIPINE-VALSARTAN 5-320MG TABLET","00378-1723-93","-1500","4","360","2144.76","102.22","-1998.18%","-95.23%","0","30"
"DILANTIN 100MG CAPSULE****","00071-0369-24","-1440","6","360","720.00","579.40","-24.27%","-19.53%","0","100"
"TRIAMTERENE-HCTZ 37.5-25MG CAP ***","00781-2074-01","-1800","4","360","94.52","27.25","-246.86%","-71.17%","0","100"
"ACETAZOLAMIDE 250 MG ORAL TABLET","72578-0150-01","-742","2","360","854.36","120.16","-611.02%","-85.94%","0","100"
"MINOXIDIL 2.5MG TABLET","53489-0386-01","-795","9","360","182.02","57.72","-215.35%","-68.29%","0","100"
"VITAMIN B-12 1000 MCG ORAL TABLET","00536-1366-01","-960","6","360","11.84","9.28","-27.59%","-21.62%","0","100"
"FOSINOPRIL-HCTZ 10-12.5MG TAB ***","65862-0308-01","-1800","4","360","373.20","69.68","-435.59%","-81.33%","0","100"
"BENAZEPRIL 20MG TABLET","65862-0117-01","-1170","4","360","325.40","11.85","-2645.99%","-96.36%","0","100"
"NEXLIZET 180-10MG TABLET","72426-0818-03","-720","4","360","4903.56","4813.89","-1.86%","-1.83%","0","30"
"DILTIAZEM 120MG CAPSULE ER","24979-0026-07","-2160","4","360","280.48","34.42","-714.88%","-87.73%","0","90"
"LEFLUNOMIDE 20MG TABLET ***","23155-0044-03","-1710","4","360","6000.00","120.46","-4880.91%","-97.99%","0","30"
"CRESTOR 5MG TABLET","00310-7560-90","-1200","4","360","4200.00","3094.86","-35.71%","-26.31%","0","90"
"EPLERENONE 25 MG ORAL TABLET","31722-0049-90","-900","4","360","1343.52","94.58","-1320.51%","-92.96%","0","90"
"CANDESARTAN CILEXETIL-HCTZ 16-12.5 MG ORAL TABLET","43547-0459-09","-360","4","360","1461.36","523.16","-179.33%","-64.2%","0","90"
"CREON 6000-19000 UNIT ORAL CAPSULE DELAYED RELEASE PARTICLES","00032-0046-70","-360","2","360","797.44","721.88","-10.47%","-9.48%","0","100"
"NADOLOL 20MG TABLET","69238-1123-09","-1260","12","360","1442.76","214.06","-574%","-85.16%","0","90"
"GLIMEPIRIDE 1 MG ORAL TABLET","55111-0320-05","-360","10","360","120.62","16.30","-640%","-86.49%","0","500"
"BUTALBITAL-APAP-CAFFEINE 50-325-40 MG ORAL TABLET","70010-0149-01","-160","7","360","522.47","79.22","-559.52%","-84.84%","0","100"
"RIVASTIGMINE TARTRATE 3 MG ORAL CAPSULE","33342-0090-09","-360","2","360","1247.94","107.19","-1064.23%","-91.41%","0","60"
"GLIPIZIDE ER 2.5 MG ORAL TABLET EXTENDED RELEASE 24 HOUR","59651-0780-30","-660","3","360","125.88","20.64","-509.88%","-83.6%","0","30"
"ISOSORBIDE MONONITRATE ER 60 MG ORAL TABLET EXTENDED RELEASE 24 HOUR","59651-0540-05","-360","6","360","419.13","27.49","-1424.66%","-93.44%","0","500"
"CHLORZOXAZONE 375 MG ORAL TABLET","59651-0305-01","-360","4","360","2765.20","229.30","-1105.93%","-91.71%","0","100"
"AZATHIOPRINE 50MG TABLET","68382-0003-01","-1050","2","360","653.26","67.53","-867.36%","-89.66%","0","100"
"MYCOPHENOLATE SODIUM 360 MG ORAL TABLET DELAYED RELEASE","67877-0929-12","-360","2","360","2828.08","181.38","-1459.2%","-93.59%","0","120"
"FLUOCINONIDE 0.05 % EXTERNAL OINTMENT","51672-1264-03","-360","6","360","1460.28","68.30","-2038.04%","-95.32%","0","60"
"SULFASALAZINE 500 MG ORAL TABLET DELAYED RELEASE","59762-0104-06","-360","5","360","111.17","56.13","-98.06%","-49.51%","0","300"
"MOMETASONE FUROATE 50MCG/ACT SUSPENSION","60505-0830-01","-425","21","357","3766.98","860.54","-337.75%","-77.16%","0","17"
"SYMBICORT 80-4.5MCG/ACT AEROSOL****","00186-0372-20","-1815.6","35","357","52500.00","7233.08","-625.83%","-86.22%","0","10.2"
"PREDNISOLONE 15 MG/5ML ORAL SOLUTION","00121-0885-08","-355","7","355","439.63","235.03","-87.05%","-46.54%","0","240"
"HALOBETASOL PROPIONATE 0.05 % EXTERNAL OINTMENT","70752-0119-04","-950","7","350","1332.71","569.63","-133.96%","-57.26%","0","50"
"FLUTICASONE PROPIONATE HFA 110 MCG/ACT INHAEROSOL","66993-0079-96","-756","29","348","7785.63","5456.93","-42.67%","-29.91%","0","12"
"ESCITALOPRAM 20MG TABLET","43547-0282-10","-5715","6","345","1341.10","71.91","-1764.97%","-94.64%","0","100"
"ECONAZOLE NITRATE 1% CREAM ***","45802-0466-53","-340","4","340","480.20","164.52","-191.88%","-65.74%","0","85"
"QUETIAPINE 150MG TABLET ER","68180-0613-07","-1068","12","336","4601.88","171.17","-2588.49%","-96.28%","0","60"
"VARENICLINE TARTRATE 1MG TABLET","70710-1614-06","-1176","6","336","2539.08","171.50","-1380.51%","-93.25%","0","56"
"DROSPIRENONE-ETHINYL ESTRADIOL 3-0.03 MG ORAL TABLET","68462-0733-29","-1092","4","336","791.36","94.81","-734.68%","-88.02%","0","84"
"ISIBLOOM 0.15-30 MG-MCG ORAL TABLET","70700-0113-85","-840","4","336","520.00","87.59","-493.68%","-83.16%","0","84"
"FLUOXETINE 10MG CAP ***","65862-0192-01","-1586","12","335","748.61","23.37","-3103.29%","-96.88%","0","100"
"PSEUDOEPHEDRINE(SUDOGEST) 30MG TABLET","00904-5053-59","-657","8","335","9.11","88.58","89.72%","872.34%","0","100"
"MELOXICAM 15MG TABLET","69097-0159-15","-335","11","335","1395.71","48.75","-2762.99%","-96.51%","0","1000"
"INSULIN ASPART FLEXPEN 100 UNIT/ML SUBCUTANEOUS SOLUTION PEN-INJECTOR","73070-0103-15","-402","16","333","3200.83","2857.98","-12%","-10.71%","0","15"
"VITAMIN D3 25 MCG (1000 UT) CAPSULE","37205-0746-85","-1764","11","330","11.33","7.15","-58.46%","-36.89%","0","250"
"NIFEDIPINE 90MG TABLET ER","50742-0262-01","-1290","5","330","726.96","59.09","-1130.26%","-91.87%","0","100"
"DOVATO 50-300 MG ORAL TABLET","49702-0246-13","-330","11","330","35142.25","32970.91","-6.59%","-6.18%","0","30"
"LEVETIRACETAM 250 MG TABLET","31722-0536-12","-690","11","330","815.98","124.56","-555.09%","-84.73%","0","120"
"VEMLIDY 25 MG ORAL TABLET","61958-2301-01","-330","11","330","17330.50","16329.35","-6.13%","-5.78%","0","30"
"QUETIAPINE FUMARATE 100 MG ORAL TABLET","67877-0250-10","-330","10","330","1946.77","59.42","-3176.29%","-96.95%","0","1000"
"DAPAGLIFLOZIN 5MG TABLET (FARXIGA)","72205-0432-01","-330","5","330","5023.37","2393.84","-109.85%","-52.35%","0","30"
"BISACODYL 10MG RECTAL SUPPOSITORY","00574-7050-12","-571","18","328","119.73","211.96","43.51%","77.03%","0","12"
"AMOXICILLIN-POT CLAVULANATE 875-125 MG TABLET ***","00143-9249-20","-429","21","327","1420.62","180.30","-687.92%","-87.31%","0","20"
"MOUNJARO 5 MG/0.5ML PEN-INJECTOR","00002-1495-80","-474","136","324","162987.11","167944.39","2.95%","3.04%","0","2"
"BANOPHEN 25MG CAPSULE","00904-5306-60","-2496","6","321","6.80","66.16","89.72%","872.94%","0","100"
"ACYCLOVIR 200MG CAPSULE","72578-0002-05","-2120","4","320","80.92","14.80","-446.76%","-81.71%","0","500"
"CLINDAMYCIN PHOSPHATE 2 % VAGINAL CREAM","00168-0277-40","-360","8","320","896.64","526.05","-70.45%","-41.33%","0","40"
"SUMATRIPTAN SUCCINATE 50MG TAB ***","65862-0147-36","-780","28","315","5543.30","237.17","-2237.27%","-95.72%","0","9"
"MOMETASONE FUROATE 0.1 % EXTERNAL OINTMENT","45802-0119-42","-585","7","315","268.52","131.99","-103.44%","-50.85%","0","45"
"CLOBETASOL PROPIONATE 0.05% CREAM","21922-0016-06","-1035","7","315","2661.66","407.46","-553.23%","-84.69%","0","45"
"ENTECAVIR 0.5 MG ORAL TABLET","31722-0833-30","-315","4","315","12036.68","2866.20","-319.95%","-76.19%","0","30"
"ALENDRONATE SODIUM 10 MG ORAL TABLET","64980-0340-01","-314","9","314","789.25","26.92","-2831.84%","-96.59%","0","100"
"ASPIRIN 325MG TABLET","00536-1054-29","-773","5","312","3.40","23.13","85.3%","580.29%","0","100"
"JUNEL FE 24 1-20 MG-MCG(24) ORAL TABLET","00093-5328-62","-532","7","308","847.02","95.88","-783.42%","-88.68%","0","84"
"METOLAZONE 2.5 MG ORAL TABLET","69292-0562-01","-993","6","301","667.27","88.37","-655.09%","-86.76%","0","100"
"HALOPERIDOL 10MG TABLET","68382-0080-01","-905","10","300","370.10","146.44","-152.73%","-60.43%","0","100"
"TRIAMCINOLONE ACETONIDE 0.1 % EXTERNAL LOTION","70752-0130-05","-4500","4","300","387.00","77.38","-400.13%","-80.01%","0","60"
"COMBIGAN 0.2-0.5% OPTH SOLUTION 15ML","00023-9211-15","-885","20","300","15000.00","11598.20","-29.33%","-22.68%","0","15"
"MONTELUKAST 5MG TABLET CHEWABLE","13668-0080-05","-2130","4","300","1297.26","60.82","-2032.95%","-95.31%","0","500"
"BACLOFEN 10MG TABLET ***","00172-4096-60","-6550","5","300","741.30","13.88","-5240.78%","-98.13%","0","100"
"NYSTATIN 100000UNIT/GM POWDER","68308-0152-60","-960","3","300","326.75","146.27","-123.39%","-55.23%","0","60"
"PREMARIN 0.625 MG/GM VAGINAL CREAM","00046-0872-21","-930","10","300","4509.20","4482.24","-0.6%","-0.6%","0","30"
"HYDROCORTISONE VALERATE 0.2 % EXTERNAL CREAM","51672-1290-03","-900","5","300","933.55","478.55","-95.08%","-48.74%","0","60"
"OXCARBAZEPINE 150MG TAB ***","51991-0292-01","-930","5","300","370.85","16.46","-2153.04%","-95.56%","0","100"
"FLUDROCORTISONE ACETATE 0.1 MG ORAL TABLET","70954-0252-20","-690","10","300","204.70","207.86","1.52%","1.54%","0","100"
"IPRATROPIUM BROMIDE 0.03 % NASAL SOLUTION","69238-2016-03","-540","4","300","960.40","99.45","-865.71%","-89.64%","0","30"
"PRAZOSIN HCL 5 MG ORAL CAPSULE","70756-0440-11","-300","8","300","592.20","86.27","-586.45%","-85.43%","0","100"
"MIRTAZAPINE 30MG TABLET","60505-0248-01","-2280","10","300","587.40","50.05","-1073.63%","-91.48%","0","30"
"AMOXICILLIN 250 MG/5ML ORAL SUSPENSION RECONSTITUTED","65862-0707-01","-3500","2","300","15.81","18.42","14.17%","16.51%","0","100"
"LEVETIRACETAM 100 MG/ML SOLUTION","65862-0250-47","-12633","1","300","167.86","4.89","-3332.72%","-97.09%","0","473"
"DOXAZOSIN MESYLATE 2MG TABLET","00832-0357-11","-1950","4","300","347.93","16.05","-2067.79%","-95.39%","0","100"
"METHENAMINE HIPPURATE 1GM TABLET","65862-0782-01","-840","3","300","539.65","114.24","-372.38%","-78.83%","0","100"
"SILVER SULFADIAZINE 1% CREAM","67877-0124-50","-2850","6","300","63.42","33.56","-88.97%","-47.08%","0","50"
"FLUTICASONE FUROATE-VILANTEROL 100-25 MCG/ACT INH AEROSOL","66993-0135-97","-300","5","300","1881.60","1206.02","-56.02%","-35.9%","0","60"
"OLMESARTAN-AMLODIPINE-HCTZ 40-5-25MG TABLET","49884-0788-11","-450","6","300","2555.00","242.68","-952.83%","-90.5%","0","30"
"TROSPIUM CHLORIDE 20 MG TABLET","23155-0530-06","-840","7","300","950.00","71.91","-1221.1%","-92.43%","0","60"
"TACROLIMUS 0.1% OINTMENT","00168-0416-99","-800","3","300","1823.22","1171.29","-55.66%","-35.76%","0","100"
"RISPERIDONE 1MG TABLET","68382-0114-14","-1432","9","298","1166.47","70.87","-1545.93%","-93.92%","0","60"
"FLUCONAZOLE 200 MG ORAL TABLET","00904-6501-06","-319","22","296","443.68","186.73","-137.61%","-57.91%","0","50"
"FLUCONAZOLE 150MG TAB ***","57237-0005-11","-818","108","291","4054.53","638.77","-534.74%","-84.25%","0","12"
"AMOXICILLIN 875 MG TABLET","65862-0015-01","-1400","20","288","288.00","106.10","-171.44%","-63.16%","0","100"
"AMOXICILLIN-CLAVULANATE 500-125MG TABLET","00093-2274-34","-1170","18","282","917.74","110.85","-727.91%","-87.92%","0","20"
"NABUMETONE 500MG TABLET","69367-0241-01","-582","9","282","333.70","52.54","-535.14%","-84.26%","0","100"
"SPRINTEC 28 0.25-35MG TABLET****","00555-9016-58","-1680","6","280","2500.00","48.28","-5078.13%","-98.07%","0","28"
"NITROFURANTOIN MONOHYD MACRO 100 MG ORAL CAPSULE","70756-0404-11","-294","25","280","983.37","165.29","-494.94%","-83.19%","0","100"
"REFRESH PLUS 0.5 % OPHTHALMIC SOLUTION","00023-0403-70","-350","4","280","75.00","78.72","4.73%","4.96%","0","70"
"RIFAMPIN 300MG CAPSULE","68180-0659-07","-1356","3","276","1089.88","235.80","-362.21%","-78.36%","0","60"
"AZITHROMYCIN 250 MG TABLET","68180-0861-11","-1388","46","272","1820.58","250.06","-628.06%","-86.26%","0","6"
"SODIUM CHLORIDE (HYPERTONIC) 5 % OPHTHALMIC SOLUTION","00536-1254-94","-555","15","270","75.78","227.56","66.7%","200.29%","0","15"
"AMLODIPINE-VALSARTAN-HCTZ 5-160-12.5 MG ORAL TABLET","64380-0197-01","-570","3","270","2222.55","1194.78","-86.02%","-46.24%","0","30"
"ARNUITY ELLIPTA 50 MCG/ACT INHAEROSOL","00173-0888-10","-450","9","270","1936.44","1825.65","-6.07%","-5.72%","0","30"
"HYDROCHLOROTHIAZIDE 50MG TAB ***","16729-0184-17","-840","3","270","25.14","2.92","-760.96%","-88.39%","0","1000"
"VITAMIN D3 50 MCG (2000 UT) ORAL TABLET","80681-0170-00","-840","5","270","7.56","7.07","-6.93%","-6.48%","0","100"
"GLIMEPIRIDE 1MG TAB ***","16729-0001-16","-1710","7","270","90.46","24.72","-265.94%","-72.67%","0","500"
"NATEGLINIDE 60 MG ORAL TABLET","55111-0328-90","-270","1","270","385.95","68.38","-464.42%","-82.28%","0","90"
"VENTOLIN HFA 108 (90 BASE) ***","00173-0682-20","-2340","9","270","1200.00","842.65","-42.41%","-29.78%","0","18"
"SYNTHROID 137MCG TABLET ***","00074-3727-90","-1170","3","270","401.22","439.23","8.65%","9.47%","0","90"
"IVERMECTIN 1 % EXTERNAL CREAM","45802-0102-84","-810","6","270","3378.24","873.83","-286.6%","-74.13%","0","45"
"AMIODARONE HCL 100 MG ORAL TABLET","51862-0240-30","-360","3","270","1725.21","113.55","-1419.34%","-93.42%","0","30"
"PRENATAL 27-1MG TABLET ***","39328-0106-10","-780","3","270","68.04","75.57","9.96%","11.07%","0","100"
"METRONIDAZOLE 0.75 % EXTERNAL GEL","00713-0637-37","-1035","6","270","1828.62","196.50","-830.6%","-89.25%","0","45"
"BENAZEPRIL 10MG TABLET","65862-0116-01","-1770","3","270","244.05","7.91","-2985.34%","-96.76%","0","100"
"ROZEREM 8MG TABLET","64764-0805-30","-270","9","270","4950.00","3443.62","-43.74%","-30.43%","0","30"
"FAMOTIDINE 40 MG ORAL TABLET","00172-5729-60","-270","5","270","1087.09","39.88","-2625.9%","-96.33%","0","100"
"RELISTOR 150 MG ORAL TABLET","65649-0150-90","-270","2","270","7814.19","7141.32","-9.42%","-8.61%","0","90"
"METOPROLOL-HCTZ 100-25MG TABLET","00378-0434-01","-1260","3","270","508.71","188.61","-169.72%","-62.92%","0","100"
"PENTASA 250 MG ORAL CAPSULE EXTENDED RELEASE","54092-0189-81","-360","11","270","846.00","897.50","5.74%","6.09%","0","240"
"VENLAFAXINE BESYLATE ER 112.5 MG TABLET","52427-0632-30","-270","3","270","1804.23","1778.79","-1.43%","-1.41%","0","30"
"MIRTAZAPINE 45 MG TABLET DISINTEGRATING","65862-0023-06","-480","9","270","600.30","111.71","-437.37%","-81.39%","0","30"
"ROFLUMILAST 500 MCG ORAL TABLET","72205-0200-90","-720","3","270","2875.35","121.73","-2262.07%","-95.77%","0","90"
"BISOPROLOL-HYDROCHLOROTHIAZIDE 2.5-6.25 MG ORAL TABLET","00378-0501-01","-540","3","270","320.31","27.98","-1044.78%","-91.26%","0","100"
"AMITRIPTYLINE HCL 75MG TABLET","57664-0692-88","-270","3","270","249.21","24.96","-898.44%","-89.98%","0","100"
"TACROLIMUS 0.03 % EXTERNAL OINTMENT","00168-0417-30","-450","9","270","2015.91","299.81","-572.4%","-85.13%","0","30"
"MIRABEGRON ER 50 MG ORAL TABLET EXTENDED RELEASE 24 HOUR","70710-1160-03","-270","3","270","3847.68","2550.24","-50.88%","-33.72%","0","30"
"PROPRANOLOL 60MG CAPSULE ER","00527-4116-37","-780","3","270","477.93","78.31","-510.31%","-83.61%","0","100"
"CANDESARTAN CILEXETIL 8 MG ORAL TABLET","62332-0342-90","-810","3","270","639.81","96.32","-564.25%","-84.95%","0","90"
"CHLORPROMAZINE 50MG TABLET","00832-6019-00","-540","1","270","2408.99","38.27","-6194.72%","-98.41%","0","100"
"NEBIVOLOL 10MG TABLET","62559-0277-90","-750","3","270","1318.62","32.51","-3956.04%","-97.53%","0","90"
"PROPRANOLOL 120MG CAPSULE ER","00527-4118-37","-1260","3","270","692.46","39.21","-1666.03%","-94.34%","0","100"
"REXULTI 1MG TABLET","59148-0037-13","-270","9","270","11981.70","13313.09","10%","11.11%","0","30"
"SPIRIVA HANDIHALER 18MCG CAPSULE****","00597-0075-41","-1680","3","270","6750.00","2898.61","-132.87%","-57.06%","0","30"
"DUTASTERIDE-TAMSULOSIN HCL 0.5-0.4 MG ORAL CAPSULE","68382-0640-16","-270","3","270","1404.78","361.36","-288.75%","-74.28%","0","90"
"PAROXETINE 40MG TABLET","60505-0101-04","-270","5","270","690.48","17.34","-3882.01%","-97.49%","0","1000"
"OXYCODONE-ACETAMINOPHEN 7.5-325 MG ORAL TABLET","47781-0229-01","230","3","270","630.51","52.32","-1105.1%","-91.7%","0","100"
"CALCIUM ACETATE (PHOS BINDER) 667 MG ORAL TABLET","00536-1336-32","-630","1","270","37.81","41.77","9.48%","10.47%","0","200"
"OXYCODONE HCL 15 MG ORAL TABLET","10702-0008-50","31","3","269","438.34","33.33","-1215.15%","-92.4%","0","500"
"FLEET ENEMA 7-19GM/118ML ENEMA","00132-0201-40","-665","2","266","2.00","22.56","91.13%","1028%","0","133"
"NITROGLYCERIN 0.3 MG SUBLINGUAL TABLET SUBLINGUAL","43598-0435-01","-760","4","260","104.06","47.50","-119.07%","-54.35%","0","100"
"LIDOCAINE HCL 3 % EXTERNAL CREAM","69367-0202-01","-623.7","9","255.15","461.97","240.61","-92%","-47.92%","0","28.35"
"DICLOFENAC SODIUM 25MG TABLET DR","16571-0203-10","-555","9","255","311.78","250.69","-24.37%","-19.59%","0","100"
"ESTRADIOL 0.01 % VAGINAL CREAM","21922-0085-06","-255","6","255","1852.20","216.12","-757.02%","-88.33%","0","42.5"
"VENLAFAXINE 37.5MG CAPSULE ER","65862-0527-90","-3164","7","254","909.56","78.32","-1061.34%","-91.39%","0","90"
"TIMOLOL MALEATE 0.5% SOLUTION","61314-0227-05","-1205","34","250","5000.00","365.22","-1269.04%","-92.7%","0","5"
"CLOBETASOL PROPIONATE 0.05 % EXTERNAL SOLUTION","00168-0269-50","-300","5","250","887.15","463.00","-91.61%","-47.81%","0","50"
"SYNJARDY 5-500 MG TABLET","00597-0159-60","-840","3","240","2449.17","2348.88","-4.27%","-4.09%","0","60"
"LORAZEPAM 2 MG ORAL TABLET","69315-0906-01","386","4","240","252.04","10.08","-2400.4%","-96%","0","100"
"QELBREE 150MG CAPSULE ER","17772-0132-30","-600","8","240","2940.08","2969.55","0.99%","1%","0","30"
"TIOTROPIUM BROMIDE MONOHYDRATE 18 MCG INHALATION CAPSULE","68180-0964-12","-600","8","240","3804.56","2522.40","-50.83%","-33.7%","0","30"
"DESONIDE 0.05 % EXTERNAL CREAM","62332-0632-60","-360","4","240","1104.72","210.41","-425.03%","-80.95%","0","60"
"DOXYLAMINE-PYRIDOXINE 10-10 MG ORAL TABLET DELAYED RELEASE","69452-0206-20","-240","4","240","1529.08","653.60","-133.95%","-57.26%","0","100"
"DOXEPIN HCL 10 MG/ML ORAL CONCENTRATE","54838-0512-40","-390","2","240","122.30","102.14","-19.74%","-16.48%","0","120"
"BUPROPION 100MG TABLET","60505-0157-01","-630","5","240","218.80","31.40","-596.82%","-85.65%","0","100"
"RIVASTIGMINE 9.5 MG/24HR TRANSDERMAL PATCH 24 HOUR","65162-0826-34","-240","8","240","3487.44","514.81","-577.42%","-85.24%","0","30"
"LIDOCAINE 5 % EXTERNAL PATCH","82347-0505-05","-240","8","240","705.92","387.04","-82.39%","-45.17%","0","30"
"LEVALBUTEROL TARTRATE 45 MCG/ACT INHALATION AEROSOL","00591-2927-54","-270","16","240","1014.08","651.89","-55.56%","-35.72%","0","15"
"CLOPIDOGREL BISULFATE 75MG TABLET","50228-0124-05","-240","6","240","1436.73","43.11","-3232.71%","-97%","0","500"
"ARIPIPRAZOLE 15 MG ORAL TABLET","65162-0899-03","-240","8","240","6620.32","126.15","-5147.97%","-98.09%","0","30"
"CHOLESTYRAMINE LIGHT 4GM PACK","68382-0529-60","-240","4","240","804.24","360.96","-122.81%","-55.12%","0","60"
"BENAZEPRIL-HYDROCHLOROTHIAZIDE 20-25 MG TABLET","62559-0417-01","-240","8","240","426.72","69.09","-517.63%","-83.81%","0","100"
"MEMANTINE 28MG CAPSULE ER","70436-0057-04","-780","6","240","3153.76","151.87","-1976.62%","-95.18%","0","30"
"GLYCOPYRROLATE 1MG TABLET","23155-0606-01","-240","4","240","271.00","39.12","-592.74%","-85.56%","0","100"
"PREGABALIN 150 MG ORAL CAPSULE","82619-0126-01","30","4","240","9.64","6.40","-50.62%","-33.61%","0","90"
"NYSTATIN 100000 UNIT/GM EXTERNAL POWDER","69315-0306-60","-240","4","240","286.08","105.48","-171.22%","-63.13%","0","60"
"SERTRALINE HCL 20 MG/ML ORAL CONCENTRATE","71093-0143-11","-240","2","240","233.92","66.94","-249.45%","-71.38%","0","60"
"PROMETHAZINE HCL 6.25 MG/5ML ORAL SOLUTION","00121-1854-16","-240","1","240","20.95","6.91","-203.18%","-67.02%","0","473"
"DIPHENOXYLATE-ATROPINE 2.5-0.025 MG ORAL TABLET","00406-1236-01","60","1","240","144.48","45.96","-214.36%","-68.19%","0","100"
"CLEARLAX 17 GM/SCOOP ORAL POWDER","70000-0415-02","-238","1","238","8.51","14.67","41.99%","72.39%","0","238"
"ACETAMINOPHEN CHILDRENS 160 MG/5ML ORAL SUSPENSION","00536-1321-97","-13806","1","236","3.82","4.00","4.5%","4.71%","0","118"
"DIPHENHYDRAMINE(BENADRYL) 12.5MG/5ML LIQUID","00904-6985-20","-6438","2","236","4.94","24.47","79.81%","395.34%","0","118"
"KETOROLAC 0.5 % OPHTHALMIC SOLUTION","42571-0137-25","-720","39","235","4284.52","634.03","-575.76%","-85.2%","0","5"
"OXYCODONE HCL 5MG TABLET","42858-0001-01","0","15","231","16.17","54.91","70.55%","239.58%","0","100"
"PREDNISOLONE SODIUM PHOSPHATE 15 MG/5ML ORAL SOLUTION","00121-0759-08","-950.5","4","229","61.50","49.27","-24.82%","-19.89%","0","237"
"MOUNJARO 7.5 MG/0.5ML PEN-INJECTOR","00002-1484-80","-302","87","226","119303.14","116719.62","-2.21%","-2.17%","0","2"
"EAR DROPS 6.5% SOLUTION","00904-6627-35","-1455","15","225","21.60","57.77","62.61%","167.45%","0","15"
"MICONAZOLE NITRATE 2 % VAGINAL CREAM","51672-2035-06","-405","5","225","49.25","68.39","27.99%","38.86%","0","45"
"CEFUROXIME AXETIL 500MG TABLET","65862-0700-20","-404","13","220","1516.45","84.83","-1687.63%","-94.41%","0","20"
"DEXCOM G7 SENSOR","08627-0077-01","-356","58","216","27477.36","27111.52","-1.35%","-1.33%","0","1"
"ESTRADIOL 0.1MG/GM CREAM","00093-3541-43","-212.5","5","212.5","1794.75","139.38","-1187.67%","-92.23%","0","42.5"
"AZATHIOPRINE 50MG TAB ***","60219-1076-01","-720","7","210","1230.11","101.54","-1111.45%","-91.75%","0","100"
"TERBINAFINE HCL 1% CREAM","51672-2080-02","-930","7","210","58.94","135.62","56.54%","130.1%","0","30"
"BICALUTAMIDE 50 MG TABLET","47335-0485-83","-891","3","210","3347.12","64.62","-5079.7%","-98.07%","0","30"
"MEMANTINE HCL ER 7MG CAPSULE","68180-0246-06","-570","7","210","2759.54","244.72","-1027.63%","-91.13%","0","30"
"OLANZAPINE 20MG TABLET","55111-0168-30","-210","7","210","7193.34","20.05","-35777.01%","-99.72%","0","30"
"DAYVIGO 5 MG ORAL TABLET","62856-0405-30","0","7","210","2546.46","2390.43","-6.53%","-6.13%","0","30"
"KETOCONAZOLE 2 % EXTERNAL CREAM","00168-0099-30","-2070","5","210","313.67","107.23","-192.52%","-65.81%","0","30"
"AMLODIPINE BESYLATE-VALSARTAN 10-160 MG ORAL TABLET","33342-0280-07","-210","3","210","1119.93","61.53","-1720.14%","-94.51%","0","30"
"METRONIDAZOLE 0.75 % VAGINAL GEL","71656-0067-70","-210","3","210","394.29","48.93","-705.82%","-87.59%","0","70"
"QVAR REDIHALER 40MCG/ACT AEROSOL****","59310-0302-40","-328.6","19","201.4","8550.00","4096.12","-108.73%","-52.09%","0","10.6"
"BETAMETHASONE DIP AUG 0.05 % OINTMENT","00168-0268-50","-1400","4","200","760.05","271.27","-180.18%","-64.31%","0","50"
"ESTRADIOL 10MCG TABLET","00093-3223-08","-496","15","200","4170.50","1407.92","-196.22%","-66.24%","0","8"
"CEPHALEXIN 125 MG/5ML ORAL SUSPENSION RECONSTITUTED","00093-4175-73","-200","1","200","40.86","18.82","-117.11%","-53.94%","0","100"
"BD INSULIN SYRINGE U/F 30G X 1/2"" 0.3 ML","08290-3284-31","-300","2","200","100.20","92.30","-8.56%","-7.88%","0","100"
"LANCET EMBRACE SAFETY","94030-0002-66","-1800","1","200","49.88","24.00","-107.83%","-51.88%","0","100"
"NICOTINE POLACRILEX 4 MG MOUTH/THROAT GUM","57237-0323-01","-200","2","200","71.52","79.00","9.47%","10.46%","0","100"
"CEFDINIR 125 MG/5ML ORAL SUS RECON","68180-0722-05","-200","1","200","138.94","32.23","-331.09%","-76.8%","0","100"
"TACROLIMUS 0.03 % EXTERNAL OINTMENT","68462-0881-94","-200","2","200","1512.42","138.59","-991.29%","-90.84%","0","100"
"NITROGLYCERIN 0.4 MG SUBLINGUAL TABLET SUBLINGUAL","70756-0014-11","-200","2","200","80.96","41.88","-93.31%","-48.27%","0","100"
"RESTASIS MULTIDOSE 0.05 % OPHTHALMIC EMULSION","00023-5301-05","-528","36","198","28800.00","21978.96","-31.03%","-23.68%","0","5.5"
"RIZATRIPTAN BENZOATE 10MG TABLET","67877-0262-18","-2130","10","195","5586.55","55.20","-10020.56%","-99.01%","0","18"
"NORETHINDRONE ACETATE 5 MG ORAL TABLET","68462-0304-50","-1798","3","194","441.89","36.27","-1118.33%","-91.79%","0","50"
"ACETAMINOPHEN 120 MG RECTAL SUPPOSITORY","45802-0732-30","-396","16","192","192.00","198.24","3.15%","3.25%","0","12"
"AMOXICILLIN 500 MG ORAL TABLET","00093-2263-01","-432","9","192","82.28","65.46","-25.7%","-20.44%","0","100"
"WARFARIN SODIUM 7.5 MG ORAL TABLET","00093-1723-01","-190","4","190","160.30","9.54","-1580.29%","-94.05%","0","100"
"CEFPODOXIME 200MG TAB ***","00781-5439-20","-234","12","187","1107.04","290.96","-280.48%","-73.72%","0","20"
"GLIPIZIDE ER 5 MG ORAL TABLET EXTENDED RELEASE 24 HOUR","59651-0781-05","-185","3","185","64.69","10.26","-530.51%","-84.14%","0","500"
"LOJAIMIESS 0.1-0.02 & 0.01 MG ORAL TABLET","70700-0124-87","-273","2","182","461.90","132.21","-249.37%","-71.38%","0","91"
"STEGLATRO 15MG TABLET","00006-5364-03","-1620","2","180","1827.90","2077.98","12.03%","13.68%","0","30"
"DILTIAZEM HCL 120 MG ORAL TABLET","50228-0484-01","-270","2","180","446.50","42.43","-952.32%","-90.5%","0","100"
"MEGESTROL ACETATE 20MG TABLET","64380-0158-01","-660","1","180","107.12","16.40","-553.17%","-84.69%","0","100"
"GENTEAL SEVERE 0.3 % OPHTHALMIC GEL","00065-8064-01","-280","18","180","132.84","339.09","60.82%","155.26%","0","10"
"ARIPIPRAZOLE 15MG TABLET","43598-0968-30","-1140","6","180","4970.40","99.94","-4873.38%","-97.99%","0","30"
"SIMVASTATIN 5MG TABLET","16729-0156-15","-1080","2","180","506.20","2.42","-20817.36%","-99.52%","0","90"
"MOVANTIK 25MG TABLET","82625-8802-01","-300","6","180","2558.76","2568.89","0.39%","0.4%","0","30"
"AMITRIPTYLINE 75MG TABLET","16729-0174-01","-1080","2","180","295.36","21.44","-1277.61%","-92.74%","0","100"
"VEOZAH 45 MG ORAL TABLET","00469-2660-30","-360","6","180","3405.60","3316.70","-2.68%","-2.61%","0","30"
"BUSPIRONE HCL 15 MG TABLET","59651-0392-05","-1260","3","180","308.13","38.49","-700.55%","-87.51%","0","500"
"PAXLOVID (300/100) 20 X 150 MG & 10 X 100MG TABLET THERAPY PACK","00069-5045-30","-450","6","180","8606.88","8409.94","-2.34%","-2.29%","0","30"
"NOVOLOG 100UNIT/ML SOLUTION****","00169-7501-11","-720","6","180","9000.00","1235.82","-628.26%","-86.27%","0","10"
"OXYCODONE HCL 15 MG ORAL TABLET","65162-0049-10","10","2","180","293.32","18.68","-1470.24%","-93.63%","0","100"
"AMLODIPINE-VALSARTAN-HCTZ 10-160-25 MG ORAL TABLET","64380-0200-01","-180","4","180","1680.84","1199.94","-40.08%","-28.61%","0","30"
"OYSTER SHELL CALCIUM 500 MG ORAL TABLET","20555-0003-00","-180","2","180","2.60","4.34","40.09%","66.92%","0","1000"
"AMPHETAMINE-DEXTROAMPHETAMINE 20 MG ORAL TABLET","00185-0853-01","0","3","180","265.32","89.39","-196.81%","-66.31%","0","100"
"AMANTADINE 100MG TABLET","00832-0111-50","-3360","5","180","468.00","65.36","-616.03%","-86.03%","0","500"
"CEFDINIR 300MG CAPSULE","68180-0711-60","-344","12","180","644.40","139.03","-363.5%","-78.42%","0","60"
"AMPHETAMINE-DEXTROAMPHETAMINE 30 MG ORAL TABLET","00555-0974-02","40","6","180","265.32","70.52","-276.23%","-73.42%","0","100"
"ALENDRONATE 70MG TABLET","10135-0697-12","-216","15","180","11250.00","26.14","-42937.49%","-99.77%","0","12"
"BUPROPION HCL ER (SR) 150 MG TABLET","70436-0059-01","-1650","1","180","299.27","19.12","-1465.22%","-93.61%","0","100"
"CLOTRIMAZOLE 1% VAGINAL CREAM ***","51672-2003-06","-810","4","180","22.44","48.00","53.25%","113.9%","0","45"
"OLANZAPINE 7.5 MG ORAL TABLET","43598-0165-30","-210","2","180","2489.70","7.94","-31256.42%","-99.68%","0","30"
"QUETIAPINE FUMARATE 300MG TABLET","29300-0151-01","-900","4","180","2625.77","66.82","-3829.62%","-97.46%","0","100"
"GLIPIZIDE-METFORMIN 5-500MG TAB ***","23155-0117-01","-2700","1","180","178.00","73.49","-142.21%","-58.71%","0","100"
"AMLODIPINE BESYLATE-VALSARTAN 10-320 MG ORAL TABLET","33342-0282-10","-180","2","180","1218.68","145.68","-736.55%","-88.05%","0","90"
"DEXLANSOPRAZOLE 30MG CAPSULE DR","49884-0147-11","-270","2","180","1623.12","811.56","-100%","-50%","0","30"
"NIFEDIPINE ER 60MG TABLET","24979-0010-12","-2038","2","180","284.78","14.06","-1925.46%","-95.06%","0","300"
"LOSARTAN-HCTZ 50-12.5MG TABLET","43547-0423-03","-6810","2","180","387.24","28.00","-1283%","-92.77%","0","30"
"OLMESARTAN MEDOXOMIL-HCTZ 40-12.5 MG ORAL TABLET","43547-0392-03","-460","2","180","1487.16","42.35","-3411.59%","-97.15%","0","30"
"HALOPERIDOL 2 MG ORAL TABLET","70756-0003-11","-264","2","180","36.78","8.74","-320.82%","-76.24%","0","100"
"SYNJARDY 12.5-500 MG ORAL TABLET","00597-0180-60","-180","1","180","1948.74","1755.78","-10.99%","-9.9%","0","60"
"SACUBITRIL-VALSARTAN 24-26 MG ORAL TABLET","70377-0031-12","-180","1","180","1528.35","561.35","-172.26%","-63.27%","0","60"
"SACUBITRIL-VALSARTAN 97-103 MG ORAL TABLET","70377-0033-12","-180","1","180","1528.35","563.24","-171.35%","-63.15%","0","60"
"PREGABALIN 150MG CAPSULE","69238-1314-09","0","3","180","1304.55","6.90","-18806.52%","-99.47%","0","90"
"LOSARTAN-HCTZ 50-12.5 MG TABLET","33342-0050-10","-750","2","180","387.28","6.40","-5951.25%","-98.35%","0","90"
"SYNTHROID 25 MCG ORAL TABLET","00074-4341-90","-180","2","180","307.70","281.52","-9.3%","-8.51%","0","90"
"QUETIAPINE FUMARATE 400 MG ORAL TABLET","67877-0248-01","-420","6","180","3056.28","76.31","-3905.08%","-97.5%","0","100"
"OLMESARTAN-AMLODIPINE-HCTZ 40-5-12.5 MG ORAL TABLET","49884-0787-11","-180","2","180","1533.00","316.94","-383.69%","-79.33%","0","30"
"ATORVASTATIN CALCIUM 40MG TABLET","63304-0829-90","-1080","2","180","893.76","4.56","-19500%","-99.49%","0","90"
"OPZELURA 1.5 % EXTERNAL CREAM","50881-0007-05","-180","3","180","6216.78","6046.59","-2.81%","-2.74%","0","60"
"CHLORTHALIDONE 50 MG TABLET","70756-0020-11","-180","4","180","230.40","53.70","-329.05%","-76.69%","0","100"
"SPIRONOLACTONE 50MG TABLET","68382-0661-05","-180","4","180","122.59","55.68","-120.17%","-54.58%","0","500"
"OLMESARTAN MEDOXOMIL-HCTZ 20-12.5 MG ORAL TABLET","67877-0453-90","-180","2","180","971.98","46.58","-1986.69%","-95.21%","0","90"
"AMLODIPINE-VALSARTAN-HCTZ 5-160-25 MG ORAL TABLET","65862-0835-30","-180","2","180","1481.70","740.84","-100%","-50%","0","30"
"VELTASSA 16.8 GM ORAL PACKET","53436-0168-30","-180","2","180","6595.02","6147.46","-7.28%","-6.79%","0","30"
"AMLODIPINE-VALSARTAN-HCTZ 5-160-12.5 MG ORAL TABLET","65862-0834-30","-180","2","180","1481.70","796.52","-86.02%","-46.24%","0","30"
"CLOTRIMAZOLE-BETAMETHASONE 1-0.05 % EXTERNAL CREAM","00472-0379-45","-630","4","180","287.04","50.72","-465.93%","-82.33%","0","45"
"BETAMETHASONE VALERATE 0.1% CREAM**","00713-0326-37","-450","4","180","157.12","81.28","-93.31%","-48.27%","0","45"
"VALSARTAN-HYDROCHLOROTHIAZIDE 80-12.5 MG ORAL TABLET","00378-6321-77","-180","2","180","608.06","36.74","-1555.04%","-93.96%","0","90"
"DOXEPIN HCL 5 % EXTERNAL CREAM","69238-1733-06","-180","4","180","2622.76","1084.88","-141.76%","-58.64%","0","45"
"TELMISARTAN-AMLODIPINE 40-5 MG ORAL TABLET","00378-1075-93","-180","2","180","883.62","285.92","-209.04%","-67.64%","0","30"
"BUPROPION HCL ER (SR) 150 MG TABLET","50228-0175-01","-180","4","180","299.27","110.10","-171.82%","-63.21%","0","100"
"TICAGRELOR 60 MG ORAL TABLET","67877-0522-60","-180","1","180","1290.66","675.00","-91.21%","-47.7%","0","60"
"RIVAROXABAN 2.5 MG ORAL TABLET","62332-0683-60","-180","1","180","1666.23","441.20","-277.66%","-73.52%","0","60"
"HYDROXYCHLOROQUINE SULFATE 200 MG ORAL TABLET","43598-0721-05","-180","1","180","601.11","39.63","-1416.81%","-93.41%","0","500"
"BRIMONIDINE TARTRATE 0.15 % OPHTHALMIC SOLUTION","82182-0773-10","-660","16","170","5603.37","2958.00","-89.43%","-47.21%","0","10"
"MUCUS RELIEF 600MG TABLET ER","00536-1163-61","-1237","9","169","83.26","129.51","35.71%","55.55%","0","100"
"JUNEL FE 1.5/30 1.5-30 MG-MCG ORAL TABLET","00555-9028-58","-1652","2","168","149.30","25.45","-486.64%","-82.95%","0","168"
"HYDROCORTISONE 1 % EXTERNAL CREAM","45802-0438-03","-840","6","168","20.58","60.51","65.99%","194.02%","0","28"
"VARENICLINE TARTRATE 1MG TABLET","49884-0156-76","-616","1","168","1269.54","84.50","-1402.41%","-93.34%","0","56"
"TRESIBA FLEXTOUCH 100UNIT/ML INJECTION****","00169-2660-15","-408","13","165","8250.00","4186.24","-97.07%","-49.26%","0","15"
"BISOPROLOL FUMARATE 2.5 MG ORAL TABLET","52817-0268-30","-165","3","165","486.70","370.21","-31.47%","-23.93%","0","30"
"TRULICITY 0.75MG/0.5ML INJECTION","00002-1433-80","-590","44","164","82000.00","77929.44","-5.22%","-4.96%","0","2"
"SUMATRIPTAN SUCCINATE 100MG TAB ***","65862-0148-36","-342","15","162","2850.84","135.23","-2008.14%","-95.26%","0","9"
"ETHAMBUTOL HCL 400MG TABLET","68180-0281-01","-948","1","162","202.53","67.20","-201.38%","-66.82%","0","100"
"OFLOXACIN 0.3% SOL (EYE) ***","64980-0515-05","-1020","28","160","1576.00","474.27","-232.3%","-69.91%","0","5"
"MUCUS RELIEF DM 30-600MG TABLET","70000-0491-01","-330","7","160","82.48","133.11","38.04%","61.38%","0","20"
"KETOROLAC TROMETHAMINE 0.5 % OPHTHALMIC SOLUTION","61314-0126-10","-890","16","160","2889.60","315.14","-816.93%","-89.09%","0","10"
"TERCONAZOLE 0.8% CREAM","51672-1302-00","-280","8","160","229.12","211.96","-8.1%","-7.49%","0","20"
"TRIAMCINOLONE ACETONIDE 0.1 % EXTERNAL OINTMENT","45802-0055-36","-1600","2","160","50.00","10.94","-357.04%","-78.12%","0","80"
"WARFARIN SODIUM 10 MG ORAL TABLET","00093-1720-01","-160","6","160","140.00","77.99","-79.51%","-44.29%","0","100"
"DULERA 200-5 MCG/ACT INH AEROSOL 13GM","78206-0126-01","-468","4","156","4044.72","3977.92","-1.68%","-1.65%","0","13"
"CEFPODOXIME PROXETIL 200MG TABLET","65862-0096-20","-625","3","152","1105.50","144.17","-666.8%","-86.96%","0","20"
"AZITHROMYCIN 250 MG ORAL TABLET","68180-0861-06","-392","8","152","1017.49","113.34","-797.73%","-88.86%","0","30"
"ETODOLAC 300 MG ORAL CAPSULE","60505-0040-01","-150","3","150","208.55","63.00","-231.03%","-69.79%","0","100"
"PROCHLORPERAZINE MALEATE 10MG TABLET","70710-1668-01","-1320","5","150","115.15","30.19","-281.42%","-73.78%","0","100"
"KETOCONAZOLE 2 % EXTERNAL CREAM","00168-0099-15","-210","10","150","265.70","133.16","-99.53%","-49.88%","0","15"
"AMOXICILLIN-POT CLAVULANATE 250-62.5 MG/5ML ORAL SUSPENSION RECONSTITUTED","59651-0026-55","-450","1","150","109.22","72.11","-51.46%","-33.98%","0","150"
"AZELAIC ACID 15 % EXTERNAL GEL","00781-7172-50","-450","3","150","948.81","95.37","-894.87%","-89.95%","0","50"
"AMITRIPTYLINE 25MG TABLET","16571-0106-10","-600","5","150","77.80","31.37","-148.01%","-59.68%","0","1000"
"AMOXICILLIN 200 MG/5ML ORAL SUSPENSION RECONSTITUTED","00143-9886-75","-150","1","150","11.76","2.79","-321.51%","-76.28%","0","75"
"TRIAMCINOLONE ACETONIDE 0.1% OINTMENT","51672-1284-02","-1560","5","150","30.95","59.16","47.68%","91.15%","0","30"
"SUNOSI 150 MG ORAL TABLET","81968-0351-01","0","5","150","4771.25","4692.84","-1.67%","-1.64%","0","30"
"SYNJARDY XR 25-1000MG TABLET*****","00597-0295-88","-960","3","150","4250.00","2421.42","-75.52%","-43.03%","0","30"
"BISOPROLOL FUMARATE 5 MG ORAL TABLET","70954-0455-20","-150","5","150","290.65","82.20","-253.59%","-71.72%","0","100"
"QULIPTA 30 MG ORAL TABLET","00074-7096-30","-150","5","150","5919.60","5657.05","-4.64%","-4.44%","0","30"
"LURASIDONE HCL 60 MG ORAL TABLET","31722-0082-30","-150","5","150","6587.75","59.25","-11018.57%","-99.1%","0","30"
"RIVASTIGMINE 13.3 MG/24HR TRANSDERMAL PATCH 24 HOUR","00378-9072-93","-150","5","150","2179.65","437.05","-398.72%","-79.95%","0","30"
"MESALAMINE 1000 MG RECTAL SUPPOSITORY","31722-0005-30","-270","5","150","5394.75","466.77","-1055.76%","-91.35%","0","30"
"SYNTHROID 125 MCG ORAL TABLET","00074-7068-90","-150","3","150","269.29","252.74","-6.55%","-6.15%","0","90"
"AZELAIC ACID 15 % EXTERNAL GEL","51672-1389-03","-200","3","150","371.52","131.03","-183.54%","-64.73%","0","50"
"TRANEXAMIC ACID 650 MG ORAL TABLET","72888-0178-30","-150","2","150","673.40","199.43","-237.66%","-70.38%","0","30"
"PENICILLIN V POTASSIUM 500 MG TABLET","00143-9836-01","-303","6","146","97.65","22.02","-343.46%","-77.45%","0","100"
"FREESTYLE LIBRE 3 SENSOR","57599-0818-00","-251","73","146","9215.52","11238.37","18%","21.95%","0","1"
"LEVOFLOXACIN 500MG TAB ***","31722-0722-50","-545","18","143","1930.73","55.91","-3353.28%","-97.1%","0","50"
"DOXYCYCLINE MONO 100MG CAP ***","68180-0652-08","-642","6","142","289.30","46.38","-523.76%","-83.97%","0","50"
"BUPROPION HCL ER (SR) 100MG TABLET","70436-0058-01","-935","6","142","206.28","39.74","-419.07%","-80.73%","0","100"
"EYSUVIS 0.25 % OPHTHALMIC SUSPENSION","71571-0333-83","-232.4","17","141.1","8484.36","8508.78","0.29%","0.29%","0","8.3"
"TRESIBA FLEXTOUCH 200UNIT/ML INJECTION****","00169-2550-13","-450","25","141","13316.62","6680.96","-99.32%","-49.83%","0","9"
"MOUNJARO 10 MG/0.5ML PEN-INJECTOR","00002-1471-80","-202","64","140","73904.60","72092.35","-2.51%","-2.45%","0","2"
"METRONIDAZOLE 250MG TABLET","23155-0651-01","-364","4","140","52.24","14.26","-266.34%","-72.7%","0","100"
"FLUOCINOLONE ACETONIDE 0.01 % OTIC OIL","45802-0009-10","-160","7","140","535.99","137.41","-290.07%","-74.36%","0","20"
"VYZULTA 0.024 % OPHTHALMIC SOLUTION","24208-0504-02","-252.5","35","137.5","13673.00","13782.08","0.79%","0.8%","0","2.5"
"ERYTHROMYCIN 5MG/GM OINTMENT","24208-0910-55","-511","37","136.5","518.70","453.48","-14.38%","-12.57%","0","3.5"
"RETIN-A 0.1 % EXTERNAL CREAM","00187-5164-45","-360","3","135","139.32","160.11","12.98%","14.92%","0","45"
"TIMOLOL MALEATE 0.5 % OPHTHALMIC SOLUTION","61314-0227-15","-135","9","135","540.00","195.30","-176.5%","-63.83%","0","15"
"AZITHROMYCIN 200 MG/5ML ORAL SUSPENSION RECONSTITUTED","42806-0149-32","-480","4","135","270.00","54.15","-398.61%","-79.94%","0","15"
"TRETINOIN 0.1 % EXTERNAL CREAM","51672-1395-09","-450","3","135","635.19","67.67","-838.66%","-89.35%","0","45"
"ADVAIR HFA 230-21 MCG/ACT INHALATION AEROSOL","00173-0717-20","-324","11","132","6057.92","4739.83","-27.81%","-21.76%","0","12"
"IMIQUIMOD 5 % EXTERNAL CREAM","45802-0368-62","-624","9","132","283.80","179.31","-58.27%","-36.82%","0","24"
"SCOPOLAMINE 1 MG/3DAYS TRANSDERMAL PATCH 72 HOUR","50742-0505-10","-160","13","130","2568.54","752.66","-241.26%","-70.7%","0","10"
"COMBIGAN 0.2-0.5% OPTH SOLUTION 10ML","00023-9211-10","-470","13","130","6500.00","5009.29","-29.76%","-22.93%","0","10"
"FLUCONAZOLE 200MG TABLET","68462-0104-30","-229","10","129","1598.06","90.25","-1670.7%","-94.35%","0","30"
"CIPROFLOXACIN-DEXA 0.3-0.1% OTIC SUSP (EAR)","43598-0326-75","-247.5","17","127.5","3933.12","1180.38","-233.21%","-69.99%","0","7.5"
"FLUNISOLIDE 25 MCG/ACT (0.025%) NASAL SOLUTION","24208-0344-25","-125","5","125","309.35","255.55","-21.05%","-17.39%","0","25"
"BUTALBITAL-ACETAMINOPHEN 50-300 MG ORAL TABLET","68682-0306-01","-386","2","120","1501.54","174.42","-760.88%","-88.38%","0","100"
"FLUTICASONE PROPIONATE HFA 220 MCG/ACT INHALATION AEROSOL","66993-0080-96","-228","10","120","4170.00","2424.84","-71.97%","-41.85%","0","12"
"EZETIMIBE-SIMVASTATIN 10-40 MG ORAL TABLET","43598-0743-90","-210","2","120","1135.97","71.55","-1487.66%","-93.7%","0","90"
"VENLAFAXINE 150MG CAPSULE ER","65862-0697-30","-2040","4","120","426.88","44.18","-866.23%","-89.65%","0","30"
"FLUTICASONE PROPIONATE 0.005 % EX OINTMENT","00713-0632-60","-180","2","120","208.68","138.52","-50.65%","-33.62%","0","60"
"CABERGOLINE 0.5MG TABLET****","50742-0118-08","-292","5","120","4650.00","207.96","-2136.01%","-95.53%","0","8"
"NOVOLIN N 100UNIT/ML SUSPENSION","00169-1834-11","-460","6","120","2040.00","549.30","-271.38%","-73.07%","0","10"
"LEUCOVORIN CALCIUM 5 MG ORAL TABLET","42806-0358-30","-472","5","120","173.85","27.85","-524.24%","-83.98%","0","30"
"ACARBOSE 50MG TABLET","00054-0141-25","-2829","2","120","117.52","9.50","-1137.05%","-91.92%","0","100"
"PIMECROLIMUS 1 % EXTERNAL CREAM","00591-2944-60","-120","2","120","1106.40","313.00","-253.48%","-71.71%","0","60"
"ISENTRESS 400 MG ORAL TABLET","00006-0227-61","-120","2","120","4299.72","4071.28","-5.61%","-5.31%","0","60"
"CHLORDIAZEPOXIDE-CLIDINIUM 5-2.5MG CAPSULE","11534-0197-01","-80","2","120","4102.08","100.62","-3976.8%","-97.55%","0","100"
"MOMETASONE FUROATE 0.1% SOLUTION","45802-0118-46","-780","2","120","140.00","54.45","-157.12%","-61.11%","0","60"
"FINASTERIDE 1MG TABLET","67877-0455-90","-935","4","120","255.88","15.64","-1536.06%","-93.89%","0","90"
"NYSTATIN-TRIAMCINOLONE 100000-0.1 UNIT/GM-% CREAM","45802-0880-96","-660","2","120","90.16","44.81","-101.21%","-50.3%","0","60"
"NITROGLYCERIN 0.1 MG/HR TRANSDERMAL PATCH 24 HOUR","00378-9102-93","-300","4","120","191.80","49.98","-283.75%","-73.94%","0","30"
"CYPROHEPTADINE HCL 4 MG ORAL TABLET","70752-0107-10","-120","2","120","110.14","15.58","-606.93%","-85.85%","0","100"
"LITHIUM CARBONATE 300MG TAB ***","62756-0430-18","-1530","1","120","17.47","26.86","34.96%","53.75%","0","1000"
"NYSTATIN-TRIAMCINOLONE 100000-0.1 U/GM OINTMENT","45802-0244-94","-150","4","120","101.20","56.91","-77.82%","-43.76%","0","30"
"LANSOPRAZOLE 30 MG ORAL CAPSULE DELAYED RELEASE","70700-0263-05","-120","2","120","67.86","19.59","-246.4%","-71.13%","0","500"
"ACETAZOLAMIDE ER 500 MG ORAL CAPSULE EXTENDED RELEASE 12 HOUR","42571-0243-01","-150","2","120","443.09","28.45","-1457.43%","-93.58%","0","100"
"BIS SUBCIT-METRONID-TETRACYC 140-125-125 MG ORAL CAPSULE","50742-0283-13","-240","1","120","855.88","298.99","-186.26%","-65.07%","0","120"
"FLUOCINOLONE ACETONIDE 0.025 % EXTERNAL OINTMENT","62559-0299-60","-120","2","120","174.44","90.80","-92.11%","-47.95%","0","60"
"HYOSCYAMINE SULFATE SL 0.125 MG SUBLINGUAL TABLET SUBLINGUAL","62559-0424-01","-120","1","120","87.72","45.66","-92.12%","-47.95%","0","100"
"HYDROCORT-PRAMOXINE (PERIANAL) 2.5-1 % EXTERNAL CREAM","45802-0472-64","-180","4","120","540.80","185.92","-190.88%","-65.62%","0","30"
"TRIAMCINOLONE ACETONIDE 0.1% CREAM","67877-0251-30","-750","4","120","27.04","36.06","25.01%","33.36%","0","30"
"CLOTRIMAZOLE-BETAMETHASONE 1-0.05 % EXTERNAL CREAM","00168-0258-15","-405","5","120","240.00","77.46","-209.84%","-67.72%","0","15"
"NYSTATIN 100000 UNIT/ML MOUTH/THROAT SUSPENSION","00121-0868-02","-180","2","120","24.76","12.48","-98.4%","-49.6%","0","60"
"TRANEXAMIC ACID 650MG TABLET","69918-0301-30","-450","1","120","437.96","161.66","-170.91%","-63.09%","0","30"
"BACLOFEN 20MG TABLET","00172-4097-60","-120","4","120","529.44","27.30","-1839.34%","-94.84%","0","100"
"VOQUEZNA 10 MG ORAL TABLET","81520-0100-30","-120","4","120","2901.92","2674.88","-8.49%","-7.82%","0","30"
"JANUMET XR 50-1000MG TABLET","00006-0080-61","-1080","2","120","1076.16","627.58","-71.48%","-41.68%","0","60"
"GENTAMICIN SULFATE 0.1% CREAM","45802-0056-11","-510","4","120","276.52","97.27","-184.28%","-64.82%","0","30"
"MYCOPHENOLATE MOFETIL 500MG TAB ***","16729-0019-01","-120","1","120","659.06","99.13","-564.84%","-84.96%","0","100"
"XIFAXAN 550MG TABLET****","65649-0303-02","-1242","2","120","8000.00","7095.16","-12.75%","-11.31%","0","60"
"CLOBETASOL PROPIONATE 0.05 % EXTERNAL OINTMENT","33342-0506-15","-120","4","120","1069.52","428.47","-149.61%","-59.94%","0","15"
"OMEGA-3-ACID ETHYL ESTERS 1GM CAPSULE","70756-0423-22","-120","1","120","213.37","27.78","-668.07%","-86.98%","0","120"
"BUPRENORPHINE HCL 8 MG SUBLINGUAL TABLET SUBLINGUAL","00054-0177-13","0","1","120","798.76","76.98","-937.62%","-90.36%","0","30"
"LIDOCAINE 4 % EXTERNAL CREAM","71085-0075-19","-119","1","119","62.38","69.81","10.64%","11.91%","0","119"
"SEMGLEE (YFGN) 100 UNIT/ML PEN-INJECTOR","83257-0012-33","-447","4","117","3252.37","2780.96","-16.95%","-14.49%","0","15"
"ACETAMINOPHEN-CODEINE #3 300-30 MG TABLET","65162-0033-10","83","7","117","95.71","42.84","-123.41%","-55.24%","0","100"
"LORAZEPAM 0.5MG TABLET","69315-0904-01","70","6","116","64.16","23.84","-169.13%","-62.84%","0","100"
"AZITHROMYCIN 500 MG ORAL TABLET","62332-0252-30","-131","11","115","1539.61","121.74","-1164.67%","-92.09%","0","30"
"MOUNJARO 2.5 MG/0.5ML PEN-INJECTOR","00002-1506-80","-170","46","112","59123.68","58108.84","-1.75%","-1.72%","0","2"
"XHANCE 93 MCG/ACT NASAL EXHALER SUSPENSION","71143-0375-01","-112","7","112","3922.38","4551.69","13.83%","16.04%","0","16"
"DICLOFENAC SODIUM 2 % EXTERNAL SOLUTION","68180-0537-01","-112","1","112","2310.29","54.88","-4109.71%","-97.62%","0","112"
"TRULICITY 1.5MG/0.5ML INJECTION","00002-1434-80","-502","41","110","55000.00","52008.49","-5.75%","-5.44%","0","2"
"CIPROFLOXACIN HCL 0.3 % OPHTHALMIC SOLUTION","69315-0308-05","-415","16","110","317.90","173.43","-83.3%","-45.45%","0","5"
"DORZOLAMIDE HCL 2 % OPHTHALMIC SOLUTION","72888-0077-15","-110","11","110","860.53","122.86","-600.42%","-85.72%","0","10"
"UBRELVY 50 MG ORAL TABLET","00023-6498-10","-110","6","110","12315.27","11772.85","-4.61%","-4.4%","0","10"
"TRULICITY 3MG/0.5ML INJECTION","00002-2236-80","-376","28","108","47054.52","50488.12","6.8%","7.3%","0","2"
"XULTOPHY 100-3.6UNIT INJECTION","00169-2911-15","-360","4","108","7726.75","9010.50","14.25%","16.61%","0","15"
"VALGANCICLOVIR HCL 450 MG ORAL TABLET","31722-0832-60","-108","3","108","5981.19","132.83","-4402.89%","-97.78%","0","60"
"OLOPATADINE HCL 0.2 % OPHTHALMIC SOLUTION","00536-1307-23","-220","42","105","606.48","634.81","4.46%","4.67%","0","2.5"
"NOVOLIN 70/30 FLEXPEN (70-30) 100 UNIT/ML SUBCUTANEOUS SUSPENSION PEN-INJECTOR","00169-3007-15","-105","7","105","658.07","870.17","24.37%","32.23%","0","15"
"TRIAMCINOLONE ACETONIDE 0.1 % EXTERNAL CREAM","00168-0004-15","-255","3","105","21.70","17.80","-21.91%","-17.97%","0","15"
"AMPHETAMINE-DEXTRO ER 10MG CAPSULE","43975-0278-10","96","5","104","149.20","82.24","-81.42%","-44.88%","0","100"
"EPINEPHRINE 0.3MG/0.3ML INJECTION","00093-5986-27","-238","52","104","31027.36","15943.55","-94.61%","-48.61%","0","2"
"CLARITHROMYCIN 500MG TAB ***","00781-1962-60","-540","4","104","437.88","62.47","-600.94%","-85.73%","0","60"
"FLUCONAZOLE 100 MG ORAL TABLET","68462-0102-30","-187","7","104","787.34","92.19","-754.04%","-88.29%","0","30"
"CEFADROXIL 500 MG ORAL CAPSULE","00093-3196-01","-309","7","104","321.97","47.84","-573.01%","-85.14%","0","100"
"REPATHA SURECLICK 140 MG/ML SUBCUTANEOUS SOLUTION AUTO-INJECTOR","72511-0393-02","-104","36","104","30733.56","28388.23","-8.26%","-7.63%","0","2"
"DOXEPIN HCL 25 MG ORAL CAPSULE","70756-0425-11","-104","4","104","73.49","31.17","-135.77%","-57.59%","0","100"
"MEDROXYPROGESTERONE ACETATE 5 MG ORAL TABLET","00555-0873-02","-270","8","102","41.44","80.56","48.56%","94.4%","0","100"
"CEFPODOXIME 100MG TAB ***","65862-0095-20","-257","8","101","476.30","85.52","-456.95%","-82.04%","0","20"
"DORZOLAMIDE HCL-TIMOLOL MAL 2-0.5 % OPHTHALMIC SOLUTION","65862-0946-01","-770","10","100","1049.20","136.51","-668.59%","-86.99%","0","10"
"AMOXICILLIN CLAVULANATE 250-62.5 MG/5ML SUSPENSION","59651-0026-01","-1400","1","100","74.33","39.95","-86.06%","-46.25%","0","100"
"LIORESAL 40 MG/20ML INTRATHECAL SOLUTION","70121-2503-01","-600","5","100","4876.95","4479.92","-8.86%","-8.14%","0","20"
"MORPHINE SULFATE 10 MG/5ML ORAL SOLUTION","00054-0237-63","400","1","100","7.30","3.58","-103.91%","-50.96%","0","500"
"TIMOLOL MALEATE 0.5% SOLUTION","64980-0514-01","-620","10","100","1000.00","141.60","-606.21%","-85.84%","0","10"
"NITROGLYCERIN 0.4MG TABLET","59762-3304-01","-3585","1","100","32.97","19.43","-69.69%","-41.07%","0","100"
"PROMETHAZINE-DM 6.25-15 MG/5ML ORAL SYRUP","70436-0155-42","-4429","1","100","7.96","2.89","-175.43%","-63.69%","0","473"
"RISPERIDONE 2MG TABLET","68382-0115-14","-967","3","97","634.56","36.10","-1657.78%","-94.31%","0","60"
"SIMBRINZA 1-0.2 % OPHTHALMIC SUSPENSION","00065-4147-27","-240","12","96","2361.84","2581.37","8.5%","9.29%","0","8"
"SUMATRIPTAN SUCCINATE 25 MG ORAL TABLET","65862-0146-36","-105","8","96","2233.38","88.62","-2420.18%","-96.03%","0","9"
"MIDODRINE 5MG TABLET","64980-0434-01","-1536","8","96","200.64","10.67","-1780.41%","-94.68%","0","100"
"ESTRADIOL 10 MCG VAGINAL TABLET","59651-0439-08","-96","5","96","2001.84","706.77","-183.24%","-64.69%","0","8"
"PREDNISONE 10 MG ORAL TABLET","64380-0784-07","-95","2","95","19.63","2.24","-776.34%","-88.59%","0","500"
"TRULICITY 4.5 MG/0.5ML SOLUTION","00002-3182-80","-278","17","94","43001.71","43323.70","0.74%","0.75%","0","2"
"BENZOYL PEROXIDE-ERYTHROMYCIN 5-3 % EXTERNAL GEL","64980-0328-02","-93.2","2","93.2","713.44","320.62","-122.52%","-55.06%","0","46.6"
"MOUNJARO 12.5 MG/0.5ML PEN-INJECTOR","00002-1460-80","-98","46","92","50751.34","48242.37","-5.2%","-4.94%","0","2"
"PREDNISONE 20MG TAB ***","00054-0018-25","-341","4","91","23.57","6.28","-275.32%","-73.36%","0","100"
"CIPROFLOXACIN HCL 0.3 % OPHTHALMIC SOLUTION","69315-0308-10","-180","9","90","204.30","118.14","-72.93%","-42.17%","0","10"
"ATROPINE SULFATE 1 % OPHTHALMIC SOLUTION","60219-1749-03","-210","17","90","903.78","557.62","-62.08%","-38.3%","0","5"
"RETIN-A 0.05 % EXTERNAL CREAM","00187-5162-45","-675","2","90","69.66","85.11","18.15%","22.18%","0","45"
"AMLODIPINE-VALSARTAN 5-320 MG TABLET","23155-0846-03","-360","1","90","536.70","26.64","-1914.64%","-95.04%","0","30"
"EPLERENONE 25MG TABLET","66993-0343-30","-570","1","90","322.44","39.46","-717.13%","-87.76%","0","30"
"ALLOPURINOL 100 MG ORAL TABLET","23155-0693-10","-420","3","90","33.78","2.36","-1331.36%","-93.01%","0","1000"
"PREDNISONE 1MG TAB ***","00603-5335-21","-240","1","90","19.59","13.86","-41.34%","-29.25%","0","100"
"TENOFOVIR DISOPROXIL FUMARATE 300MG TAB ***","33342-0096-07","-240","3","90","3647.79","1046.55","-248.55%","-71.31%","0","30"
"FUROSEMIDE 80MG TABLET","43547-0403-10","-1260","1","90","33.82","3.98","-749.75%","-88.23%","0","100"
"METFORMIN HCL ER (MOD) 1000 MG ORAL TABLET EXTENDED RELEASE 24 HOUR","27241-0241-90","-360","1","90","9305.29","53.18","-17397.72%","-99.43%","0","90"
"IVERMECTIN 1 % EXTERNAL CREAM","00574-2107-45","-135","2","90","1126.08","341.92","-229.34%","-69.64%","0","45"
"CALCITRIOL 0.5 MCG ORAL CAPSULE","69452-0208-20","-720","1","90","149.68","11.48","-1203.83%","-92.33%","0","100"
"FAMOTIDINE 10 MG ORAL TABLET","69230-0326-60","-390","1","90","20.01","18.34","-9.11%","-8.35%","0","60"
"POTASSIUM CHLORIDE ER 8 MEQ ORAL CAPSULE EXTENDED RELEASE","70010-0147-01","-510","1","90","165.28","35.49","-365.71%","-78.53%","0","100"
"PHENYTOIN SODIUM EXTENDED 100MG CAPSULE","51672-4111-01","-150","2","90","40.32","19.78","-103.84%","-50.94%","0","100"
"NOVOLOG MIX 70/30 FLEXPEN 100 UNIT/ML PEN-INJECTOR","00169-3696-19","-387","7","90","3460.32","802.31","-331.29%","-76.81%","0","15"
"VITAMIN B-12 100 MCG ORAL TABLET","80681-0071-00","-240","3","90","1.44","2.61","44.83%","81.25%","0","100"
"FEVERALL INFANTS 80MG SUPPOSITORY","51672-2114-02","-174","5","90","99.16","131.72","24.72%","32.84%","0","6"
"ASPIRIN 81MG TABLET","00904-6783-70","-11110","1","90","18.00","11.46","-57.07%","-36.33%","0","250"
"TRIAMCINOLONE ACETONIDE 0.025 % EXTERNAL OINTMENT","33342-0331-15","-135","3","90","31.56","30.04","-5.06%","-4.82%","0","15"
"PRAVASTATIN SODIUM 10 MG ORAL TABLET","00093-0771-98","-180","1","90","248.85","3.05","-8059.02%","-98.77%","0","90"
"PRUCALOPRIDE SUCCINATE 2 MG ORAL TABLET","00781-8159-31","-90","3","90","112.89","56.43","-100.05%","-50.01%","0","30"
"TRAZODONE HCL 100 MG ORAL TABLET","00904-6869-61","-90","2","90","16.54","7.78","-112.6%","-52.96%","0","100"
"IRBESARTAN 300 MG TABLET","31722-0731-90","-450","1","90","285.80","8.96","-3089.73%","-96.86%","0","90"
"IBUPROFEN 400MG TABLET","49483-0602-50","-10690","1","90","27.40","13.78","-98.84%","-49.71%","0","500"
"ADAPALENE-BENZOYL PEROXIDE 0.3-2.5 % GEL","45802-0853-45","-90","2","90","1026.70","36.08","-2745.62%","-96.49%","0","45"
"TRIAMCINOLONE ACETONIDE 0.1 % EXTERNAL CREAM","51672-1282-02","-210","3","90","21.66","33.93","36.16%","56.65%","0","30"
"ADAPALENE 0.1 % EXTERNAL CREAM","45802-0453-84","-630","2","90","466.42","248.24","-87.89%","-46.78%","0","45"
"ATOMOXETINE HCL 40 MG ORAL CAPSULE","64980-0376-03","-90","3","90","1197.03","29.16","-4005.04%","-97.56%","0","30"
"DEXMETHYLPHENIDATE HCL ER 5 MG ORAL CAPSULE EXTENDED RELEASE 24 HOUR","70010-0004-01","10","3","90","731.91","136.08","-437.85%","-81.41%","0","100"
"XCOPRI 100 MG ORAL TABLET","71699-0100-30","0","3","90","3762.90","3483.30","-8.03%","-7.43%","0","30"
"AMLODIPINE-OLMESARTAN 10-20 MG ORAL TABLET","42571-0236-90","-450","1","90","606.87","13.27","-4473.25%","-97.81%","0","90"
"OSELTAMIVIR PHOSPHATE 75MG ORAL CAPSULE","42806-0555-01","-130","9","90","1196.37","139.23","-759.28%","-88.36%","0","100"
"PRUCALOPRIDE SUCCINATE 2 MG ORAL TABLET","70748-0390-01","-90","3","90","1476.99","410.56","-259.75%","-72.2%","0","30"
"TELMISARTAN-HCTZ 40-12.5MG TAB ***","68180-0193-06","-870","1","90","333.51","59.68","-458.83%","-82.11%","0","30"
"RAMIPRIL 1.25 MG ORAL CAPSULE","65862-0474-01","-90","1","90","118.43","8.40","-1309.88%","-92.91%","0","100"
"VELTASSA 8.4GM PACK","53436-0084-30","-93","1","90","2954.88","3072.59","3.83%","3.98%","0","30"
"ISONIAZID 300MG TAB ***","00555-0071-02","-390","1","90","19.53","11.98","-63.02%","-38.66%","0","100"
"XCOPRI 200 MG ORAL TABLET","71699-0200-30","0","3","90","3875.79","3573.12","-8.47%","-7.81%","0","30"
"AMLODIPINE BESYLATE 10 MG ORAL TABLET","00904-6371-61","-90","3","90","174.54","7.20","-2324.17%","-95.87%","0","100"
"TRIJARDY XR 10-5-1000 MG ORAL TABLET EXTENDED RELEASE 24 HOUR","00597-0380-68","-90","1","90","1083.60","982.46","-10.29%","-9.33%","0","90"
"REXULTI 0.5 MG ORAL TABLET","59148-0036-13","-90","3","90","4816.95","4440.93","-8.47%","-7.81%","0","30"
"TELMISARTAN-HCTZ 40-12.5 MG ORAL TABLET","43547-0441-03","-90","1","90","409.77","57.00","-618.89%","-86.09%","0","30"
"ALOGLIPTIN BENZOATE 12.5 MG ORAL TABLET","45802-0103-65","-120","3","90","603.72","400.44","-50.76%","-33.67%","0","30"
"ARIPIPRAZOLE 2MG TABLET ***","65162-0896-03","-540","3","90","2020.74","34.44","-5767.42%","-98.3%","0","30"
"INDOMETHACIN 25MG CAP ***","68462-0406-01","-2998","1","90","31.10","18.99","-63.77%","-38.94%","0","100"
"MEGESTROL ACETATE 40 MG ORAL TABLET","64380-0159-02","-120","3","90","83.79","21.87","-283.13%","-73.9%","0","250"
"BENAZEPRIL HCL 10 MG ORAL TABLET","23155-0750-01","-90","1","90","7.89","2.68","-194.4%","-66.03%","0","100"
"FERREX 150 COMPLEXT CAP ***","51991-0203-11","-90","1","90","17.33","9.52","-82.04%","-45.07%","0","100"
"QULIPTA 60 MG ORAL TABLET","00074-7094-30","-90","3","90","3551.76","3538.63","-0.37%","-0.37%","0","30"
"FENOFIBRATE 54 MG ORAL TABLET","70756-0214-90","-240","1","90","61.31","18.61","-229.45%","-69.65%","0","90"
"AMIODARONE HCL 100 MG ORAL TABLET","72888-0060-30","-90","1","90","575.07","59.79","-861.82%","-89.6%","0","30"
"GLIPIZIDE 2.5 MG ORAL TABLET","52817-0385-10","-90","1","90","142.42","107.64","-32.31%","-24.42%","0","100"
"HYDROXYCHLOROQUINE SULFATE 200 MG TABLET ***","68382-0096-05","-90","3","90","315.12","36.20","-770.5%","-88.51%","0","500"
"BENAZEPRIL-HCTZ 20-12.5MG TABLET","62559-0416-01","-990","1","90","160.02","12.35","-1195.71%","-92.28%","0","100"
"HYDROCHLOROTHIAZIDE 50 MG ORAL TABLET","23155-0009-10","-360","1","90","3.09","0.99","-212.12%","-67.96%","0","1000"
"TRIJARDY XR 25-5-1000MG TABLET","00597-0390-71","-90","1","90","1698.30","982.46","-72.86%","-42.15%","0","30"
"CLOBAZAM 10 MG ORAL TABLET","68180-0157-01","10","1","90","1416.83","32.12","-4311.05%","-97.73%","0","100"
"ATOMOXETINE HCL 18 MG ORAL CAPSULE","64980-0374-03","-90","1","90","1101.75","53.30","-1967.07%","-95.16%","0","30"
"CRESTOR 40 MG ORAL TABLET","00310-7590-30","-90","1","90","856.23","756.32","-13.21%","-11.67%","0","30"
"PREDNISONE 2.5MG TAB ***","00603-5336-21","-305","1","90","10.40","3.86","-169.43%","-62.88%","0","100"
"DOXYCYCLINE HYCLATE 100 MG ORAL TABLET","00143-2112-50","-89","5","89","423.43","28.32","-1395.16%","-93.31%","0","50"
"ALPRAZOLAM 0.25MG TABLET","65862-0676-01","116","8","84","50.23","23.96","-109.64%","-52.3%","0","100"
"VOLNEA 0.15-0.02/0.01 MG (21/5) ORAL TABLET","70700-0122-85","-84","1","84","154.75","40.60","-281.16%","-73.76%","0","84"
"TARINA FE 1/20 EQ 1-20 MG-MCG ORAL TABLET","50102-0228-23","-840","1","84","88.73","13.34","-565.14%","-84.97%","0","84"
"METHYLPREDNISOLONE 4 MG ORAL TABLET THERAPY PACK","42806-0400-21","-84","4","84","119.16","29.35","-306%","-75.37%","0","21"
"RIZATRIPTAN ODT 5MG TAB ***","33342-0093-41","-244","8","81","2315.42","123.77","-1770.74%","-94.65%","0","18"
"AMPHETAMINE-DEXTROAMPHET ER 5 MG ORAL CAPSULE EXTENDED RELEASE 24 HOUR","70010-0029-01","19","3","81","501.55","63.13","-694.47%","-87.41%","0","100"
"EYE ITCH RELIEF 0.035 % OPHTHALMIC SOLUTION","00536-1252-40","-560","15","80","175.04","322.30","45.69%","84.13%","0","5"
"INSULIN GLARGINE-YFGN 100 UNIT/ML SUBCUTANEOUS SOLUTION","83257-0014-11","-80","4","80","519.84","528.49","1.64%","1.66%","0","10"
"EPINEPHRINE 0.3MG/0.3ML INJECTION 2ML","00115-1694-49","-206","40","80","20000.00","9669.35","-106.84%","-51.65%","0","2"
"NICOTROL NS 10 MG/ML NASAL SOLUTION","00009-5401-01","-280","2","80","1097.32","1022.60","-7.31%","-6.81%","0","40"
"BRIMONIDINE TARTRATE-TIMOLOL 0.2-0.5 % OPHTHALMIC SOLUTION","68462-0281-32","-80","8","80","2808.88","815.73","-244.34%","-70.96%","0","10"
"JUBLIA 10 % EXTERNAL SOLUTION","00187-5400-08","-112","10","80","15390.90","15914.94","3.29%","3.4%","0","8"
"TRIAMCINOLONE ACETONIDE 0.1 % MOUTH/THROAT PASTE","64980-0320-05","-180","15","75","1039.65","149.98","-593.19%","-85.57%","0","5"
"METHYLPREDNISOLONE 8MG TABLET","59762-0049-01","-400","5","75","129.67","98.49","-31.66%","-24.05%","0","25"
"DICLOFENAC SODIUM ER 100MG TABLET","50742-0278-01","-419","3","74","178.19","42.79","-316.43%","-75.99%","0","100"
"ELIQUIS DVT/PE STARTER PACK 5 MG ORAL TABLET THERAPY PACK","00003-3764-74","-74","1","74","800.00","306.50","-161.01%","-61.69%","0","74"
"PROGESTERONE 200 MG ORAL CAPSULE","59651-0153-01","-106","6","72","247.68","54.02","-358.5%","-78.19%","0","100"
"ZAFEMY 150-35 MCG/24HR TRANSDERMAL PATCH WEEKLY","65162-0358-03","-243","12","72","3151.44","2187.04","-44.1%","-30.6%","0","3"
"ESTRADIOL 10 MCG VAGINAL TABLET","68462-0711-71","-88","3","72","1501.38","532.25","-182.08%","-64.55%","0","8"
"NICOTINE POLACRILEX 2 MG MOUTH/THROAT LOZENGE","00536-1337-09","-72","1","72","26.32","34.64","24.02%","31.61%","0","72"
"LEVOFLOXACIN 750MG TABLET","72578-0100-92","-272","5","71","2202.62","37.20","-5821.02%","-98.31%","0","20"
"MEDROXYPROGESTERONE ACETATE 10MG TABLET","00555-0779-02","-403","4","71","30.01","28.93","-3.73%","-3.6%","0","100"
"OFLOXACIN 0.3 % OPHTHALMIC SOLUTION","64980-0515-01","-110","7","70","816.69","224.43","-263.9%","-72.52%","0","10"
"CROMOLYN SODIUM 4% SOLUTION","61314-0237-10","-650","7","70","182.28","48.18","-278.33%","-73.57%","0","10"
"POLYMYXIN B-TRIMETHOPRIM 10000-0.1 UNIT/ML-% OPHTHALMIC SOLUTION","24208-0315-10","-380","7","70","80.92","67.98","-19.04%","-15.99%","0","10"
"PREDNISONE 50MG TABLET","64380-0949-06","-201","15","69","24.15","6.24","-287.02%","-74.16%","0","100"
"CONTOUR NEXT EZ W/DEVICE KIT","00193-7553-01","-200","66","66","1021.68","938.21","-8.9%","-8.17%","0","1"
"NEOMYCIN SULFATE 500 MG ORAL TABLET","00093-1177-01","-66","8","66","84.37","75.92","-11.13%","-10.02%","0","100"
"CEPHALEXIN 250MG CAPSULE ***","67877-0220-01","-199","4","65","48.81","24.55","-98.82%","-49.7%","0","100"
"ESTRADIOL 0.025 MG/24HR TRANSDERMAL PATCH WEEKLY","00781-7119-54","-88","16","64","1277.28","667.36","-91.39%","-47.75%","0","4"
"CEFDINIR 300MG CAPSULE","00093-3160-06","-414","4","64","229.12","29.53","-675.89%","-87.11%","0","60"
"OLOPATADINE HCL 0.6 % NASAL SOLUTION","60505-0845-05","-122","2","61","465.88","79.18","-488.38%","-83%","0","30.5"
"CLOBETASOL PROPIONATE 0.05 % EXTERNAL CREAM","21922-0016-04","-60","4","60","441.12","117.40","-275.74%","-73.39%","0","15"
"CETIRIZINE HCL 10 MG ORAL TABLET CHEWABLE","00781-5284-64","-120","2","60","276.78","92.98","-197.68%","-66.41%","0","30"
"MURO 128 2% SOLUTION","24208-0276-15","-255","4","60","61.96","87.06","28.83%","40.51%","0","15"
"ZINC OXIDE 20 % EXTERNAL OINTMENT","00536-1316-25","-240","1","60","3.10","10.65","70.89%","243.55%","0","60"
"FLUOCINONIDE E 0.05 % EXTERNAL CREAM","00093-0263-30","-150","2","60","200.00","51.50","-288.35%","-74.25%","0","30"
"DORZOLAMIDE HCL-TIMOLOL MAL PF 2-0.5 % OPHTHALMIC SOLUTION","50742-0323-60","-900","1","60","144.48","85.97","-68.06%","-40.5%","0","60"
"RHOPRESSA 0.02 % OPHTHALMIC SOLUTION","70727-0497-25","-137.5","14","60","8035.68","7659.97","-4.9%","-4.68%","0","2.5"
"ALPHAGAN P 0.15 % OPHTHALMIC SOLUTION","00023-9177-15","-60","4","60","2566.72","2439.07","-5.23%","-4.97%","0","15"
"LUMIGAN 0.01 % OPHTHALMIC SOLUTION","00023-3205-05","-170","12","60","5927.52","6074.74","2.42%","2.48%","0","5"
"BETAMETHASONE DIPROPIONATE 0.05 % EXTERNAL CREAM","70710-1233-01","-270","3","60","151.36","58.00","-160.97%","-61.68%","0","15"
"ACCRUFER 30 MG ORAL CAPSULE","73059-0001-60","-300","1","60","580.28","582.63","0.4%","0.4%","0","60"
"LUBRICANT EYE DROP 0.6 % OPHTHALMIC SOLUTION","71800-0031-06","-60","4","60","75.32","50.63","-48.77%","-32.78%","0","15"
"PALIPERIDONE ER 3 MG TABLET","65162-0281-03","-60","2","60","1578.76","96.35","-1538.57%","-93.9%","0","30"
"ERYTHROMYCIN 2 % EXTERNAL SOLUTION","45802-0038-46","-60","1","60","43.00","11.01","-290.55%","-74.4%","0","60"
"RISPERIDONE 0.5MG TAB ***","68382-0113-05","-1410","1","60","220.88","12.51","-1665.63%","-94.34%","0","500"
"RISPERIDONE 3MG TABLET","68382-0116-14","-810","1","60","461.01","12.29","-3651.1%","-97.33%","0","60"
"ATOMOXETINE HCL 25 MG ORAL CAPSULE","64980-0375-03","-60","2","60","734.50","14.74","-4883.04%","-97.99%","0","30"
"DUREX REALFEEL DEVICE","02340-0894-56","-60","2","60","36.96","24.00","-54%","-35.06%","0","10"
"QUETIAPINE FUMARATE ER 200MG TABLET","33342-0135-09","-60","1","60","904.40","23.45","-3756.72%","-97.41%","0","60"
"GABAPENTIN 100 MG ORAL CAPSULE","62756-0137-02","-60","2","60","27.50","0.24","-11358.33%","-99.13%","0","100"
"BACLOFEN 20 MG TABLET","72888-0011-01","-1050","2","60","264.72","1.00","-26372%","-99.62%","0","100"
"FLUOCINONIDE 0.05 % EXTERNAL OINTMENT","51672-1264-02","-60","2","60","243.38","38.73","-528.4%","-84.09%","0","30"
"CLOBAZAM 2.5 MG/ML ORAL SUSPENSION","69238-1535-02","60","1","60","471.46","21.74","-2068.63%","-95.39%","0","120"
"DULOXETINE 20MG CAPSULE DR","00228-2890-06","-480","1","60","361.11","15.84","-2179.73%","-95.61%","0","60"
"DESLORATADINE 5MG TAB ***","68180-0153-01","-255","1","60","210.76","20.06","-950.65%","-90.48%","0","100"
"TRIAMCINOLONE ACETONIDE 0.5 % EXTERNAL OINTMENT","45802-0049-35","-2385","4","60","34.76","38.12","8.81%","9.67%","0","15"
"MORPHINE SULFATE ER 10 MG CAPSULE","00832-0225-00","140","2","60","244.18","247.50","1.34%","1.36%","0","100"
"PERMETHRIN 5 % EXTERNAL CREAM","21922-0021-07","-960","1","60","101.48","13.65","-643.44%","-86.55%","0","60"
"AMCINONIDE 0.1 % EXTERNAL CREAM","74157-0006-60","-60","1","60","2163.76","1131.96","-91.15%","-47.69%","0","60"
"OMNIPOD 5 G6 POD (GEN 5)","08508-3000-21","-180","2","60","3531.36","3591.36","1.67%","1.7%","0","5"
"TRETINOIN 0.025 % EXTERNAL CREAM","51672-1407-00","-80","3","60","329.13","79.70","-312.96%","-75.78%","0","20"
"DICLOFENAC EPOLAMINE 1.3 % PATCH","00093-3727-55","-180","1","60","1000.00","283.98","-252.14%","-71.6%","0","30"
"MICONAZOLE NITRATE 2 % EXTERNAL CREAM","51672-2001-01","-60","2","60","18.08","24.40","25.9%","34.96%","0","15"
"WINLEVI 1 % EXTERNAL CREAM","47335-0994-36","-60","1","60","601.60","609.77","1.34%","1.36%","0","60"
"LUBIPROSTONE 24 MCG ORAL CAPSULE","43598-0168-60","-60","1","60","344.65","280.63","-22.81%","-18.58%","0","60"
"PREGABALIN 150 MG ORAL CAPSULE","72205-0015-90","210","1","60","434.85","2.17","-19939.17%","-99.5%","0","90"
"ERYTHROMYCIN 2 % EXTERNAL GEL","45802-0966-96","-240","1","60","74.31","52.58","-41.33%","-29.24%","0","60"
"METHOCARBAMOL 750 MG ORAL TABLET","70010-0770-01","-380","2","58","36.21","21.98","-64.74%","-39.3%","0","100"
"PREGABALIN 50 MG ORAL CAPSULE","82619-0123-01","33","1","57","2.09","0.85","-145.88%","-59.33%","0","90"
"REFRESH P.M. OPHTHALMIC OINTMENT","00023-0240-04","-518","15","56","141.76","289.88","51.1%","104.49%","0","3.5"
"VARENICLINE TARTRATE 0.5 MG ORAL TABLET","43598-0907-56","-56","1","56","446.72","22.86","-1854.16%","-94.88%","0","56"
"VARENICLINE TARTRATE 1 MG ORAL TABLET","71921-0309-56","-56","1","56","446.72","34.45","-1196.72%","-92.29%","0","56"
"NICOTINE 14 MG/24HR TRANSDERMAL PATCH 24 HOUR","00536-5895-53","-378","2","56","115.20","54.50","-111.38%","-52.69%","0","7"
"BUPRENORPHINE HCL-NALOXONE HCL 8-2 MG SUBLINGUAL FILM","43598-0582-30","4","1","56","423.81","123.30","-243.72%","-70.91%","0","30"
"AZITHROMYCIN 500MG TAB","00781-8090-03","-348","17","54","588.39","68.04","-764.77%","-88.44%","0","3"
"SUMATRIPTAN SUCCINATE 50 MG ORAL TABLET","00378-5631-59","-261","6","54","1167.66","79.72","-1364.7%","-93.17%","0","9"
"DULERA 100-5 MCG/ACT INHALATION AEROSOL","78206-0127-01","-208","4","52","1414.28","1353.94","-4.46%","-4.27%","0","13"
"SULFAMETHOXAZOLE-TRIMETHOPRIM 400-80MG TABLET","65862-0419-01","-529","4","52","29.72","3.87","-667.96%","-86.98%","0","100"
"LURASIDONE HCL 20 MG ORAL TABLET","67877-0638-30","-171","3","51","2238.25","30.34","-7277.22%","-98.64%","0","30"
"TOBRAMYCIN-DEXAMETHASONE 0.3-0.1 % OPHTHALMIC SUSPENSION","00574-4031-10","-130","5","50","784.90","290.74","-169.97%","-62.96%","0","10"
"TRAVOPROST  0.004% SOLUTION****","60505-0593-04","-97.5","7","50","3605.20","931.67","-286.96%","-74.16%","0","2.5"
"CYANOCOBALAMIN 1000 MCG/ML INJECTION SOLUTION","69680-0112-25","-69","18","50","166.15","167.33","0.71%","0.71%","0","25"
"SYSTANE COMPLETE 0.6 % OPHTHALMIC SOLUTION","00065-0481-10","-50","5","50","56.15","59.63","5.84%","6.2%","0","10"
"MOUNJARO 15 MG/0.5ML PEN-INJECTOR","00002-1457-80","-54","25","50","26394.50","26419.29","0.09%","0.09%","0","2"
"ACYCLOVIR 5 % EXTERNAL CREAM","51672-1361-05","-50","10","50","1032.00","617.39","-67.16%","-40.18%","0","5"
"HALOBETASOL PROPIONATE 0.05 % EXTERNAL CREAM","45802-0129-32","-900","1","50","81.88","32.01","-155.8%","-60.91%","0","50"
"ESTRADIOL 0.0375 MG/24HR TRANSDERMAL PATCH WEEKLY","00781-7122-54","-48","12","48","957.96","572.28","-67.39%","-40.26%","0","4"
"ALENDRONATE 35MG TAB ***","69097-0223-16","-132","4","48","688.44","9.01","-7540.84%","-98.69%","0","4"
"METRONIDAZOLE 500MG TABLET","72578-0008-18","-716","3","48","29.52","5.80","-408.97%","-80.35%","0","50"
"SUTAB 1479-225-188 MG ORAL TABLET","52268-0201-01","-72","2","48","328.46","332.01","1.07%","1.08%","0","24"
"BENZOYL PEROXIDE-ERYTHROMYCIN 5-3 % EXTERNAL GEL","64980-0328-01","-139.8","2","46.6","356.72","78.66","-353.5%","-77.95%","0","23.3"
"NEOMYCIN-POLYMYXIN-DEXAMETH 3.5-10000-0.1 OPHTHALMIC OINTMENT","24208-0795-35","-129.5","13","45.5","222.04","149.06","-48.96%","-32.87%","0","3.5"
"BRIMONIDINE TARTRATE 0.15 % OPHTHALMIC SOLUTION","82182-0773-15","-225","3","45","1483.35","775.34","-91.32%","-47.73%","0","15"
"XOPENEX HFA 45 MCG/ACT INHALATION AEROSOL","27437-0056-01","-105","3","45","221.82","234.67","5.48%","5.79%","0","15"
"LOTEPREDNOL ETABONATE 0.5 % OPHTHALMIC SUSPENSION","82260-0299-05","-45","5","45","1984.95","856.95","-131.63%","-56.83%","0","5"
"ADAPALENE 0.3 % EXTERNAL GEL","62332-0549-45","-45","1","45","255.40","33.02","-673.47%","-87.07%","0","45"
"SALINE NASAL SPRAY 0.65 % NASAL SOLUTION","32953-0689-65","-1232","1","44","0.78","1.62","51.85%","107.69%","0","44"
"DIAZEPAM 5MG TABLET","00172-3926-60","356","8","44","7.55","12.53","39.74%","65.96%","0","100"
"JOURNAVX 50 MG ORAL TABLET","51167-0548-30","-44","2","44","703.82","662.32","-6.27%","-5.9%","0","30"
"WEGOVY 1.7 MG/0.75ML AUTO-INJECTOR","00169-4517-14","-81","10","42","19490.66","17608.84","-10.69%","-9.65%","0","3"
"PEPTO-BISMOL 262MG TABLET CHEWABLE","70000-0591-01","-1098","1","40","5.61","13.49","58.41%","140.46%","0","30"
"NEOMYCIN-POLY-DEX OPTH SUSPENSION (EYE)","61314-0630-06","-295","8","40","246.40","109.38","-125.27%","-55.61%","0","5"
"TOBRAMYCIN-DEXAMETHASONE 0.3-0.1 % OPHTHALMIC SUSPENSION","00574-4031-05","-90","7","40","627.84","277.90","-125.92%","-55.74%","0","5"
"ACYCLOVIR 5 % EXTERNAL CREAM","72578-0101-05","-195","5","40","1376.00","746.61","-84.3%","-45.74%","0","5"
"MYCOPHENOLATE MOFETIL 250 MG ORAL CAPSULE","64380-0726-07","-40","1","40","136.31","21.03","-548.17%","-84.57%","0","500"
"ALPRAZOLAM 0.5MG TABLET","00781-1077-05","460","2","40","29.05","1.54","-1786.36%","-94.7%","0","500"
"FLUOROURACIL 5 % EXTERNAL CREAM","51672-4118-06","-120","1","40","331.05","42.17","-685.04%","-87.26%","0","40"
"NEOMYCIN-POLYMYXIN-HC 1 % OTIC SOLUTION","24208-0631-10","-100","4","40","346.32","202.63","-70.91%","-41.49%","0","10"
"OSELTAMIVIR PHOSPHATE 75MG CAPSULE","72205-0044-11","-336","4","40","531.72","67.83","-683.9%","-87.24%","0","10"
"DEXAMETHASONE 2MG TAB ***","00054-4183-25","-38","2","38","22.60","8.17","-176.62%","-63.85%","0","100"
"SCOPOLAMINE 1 MG/3DAYS TRANSDERMAL PATCH 72 HOUR","50742-0505-04","-38","7","38","660.15","261.10","-152.83%","-60.45%","0","4"
"CHLORDIAZEPOXIDE HCL 5 MG ORAL CAPSULE","00555-0158-02","62","2","38","11.52","27.54","58.17%","139.06%","0","100"
"ROCKLATAN 0.02-0.005% SOLUTION","70727-0529-25","-37.5","8","37.5","4414.05","5157.59","14.42%","16.84%","0","2.5"
"TOUJEO SOLOSTAR 300UNIT/ML INJECTION","00024-5869-03","-49.5","8","36","1243.92","3093.29","59.79%","148.67%","0","4.5"
"HUMULIN R U-500 KWIKPEN 500UNIT/ML INJECTION","00002-8824-27","-114","6","36","4194.00","3262.56","-28.55%","-22.21%","0","6"
"WEGOVY 2.4 MG/0.75ML AUTO-INJECTOR","00169-4524-14","-39","12","36","16706.28","15378.52","-8.63%","-7.95%","0","3"
"CLONIDINE 0.2 MG/24HR TRANSDERMAL PATCH WEEKLY","75907-0024-48","-36","7","36","1728.45","347.47","-397.44%","-79.9%","0","4"
"ZOLMITRIPTAN 5 MG ORAL TABLET DISINTEGRATING","62332-0182-03","-36","4","36","1715.76","155.41","-1004.02%","-90.94%","0","3"
"ADVAIR HFA 45-21 MCG/ACT INHALATION AEROSOL 12GM","00173-0715-20","-288","3","36","1011.03","715.26","-41.35%","-29.25%","0","12"
"ADVAIR HFA 115-21 MCG/ACT INH AEROSOL 12GM","00173-0716-20","-156","3","36","1256.19","909.72","-38.09%","-27.58%","0","12"
"COMBIGAN 0.2-0.5% OPTH SOLUTION 5ML","00023-9211-05","-180","7","35","3150.00","1346.10","-134.01%","-57.27%","0","5"
"SHINGRIX 50 MCG/0.5ML IM SUSP RECON","58160-0823-11","-72","35","35","9800.00","7484.06","-30.94%","-23.63%","0","10"
"REPATHA SURECLICK 140MG/ML INJECTION","72511-0760-02","-196","13","34","10880.00","9259.41","-17.5%","-14.9%","0","2"
"BLOOD PRESSURE MACHINE ***  *TALKING SENSE*","91237-0001-78","-131","34","34","10200.00","1717.00","-494.06%","-83.17%","0","1"
"CHLORDIAZEPOXIDE HCL 25 MG ORAL CAPSULE","00555-0159-02","37","3","33","12.16","35.78","66.01%","194.24%","0","100"
"MOXIFLOXACIN HCL 0.5 % OPHTHALMIC SOLUTION","70069-0081-01","-36","11","33","1123.87","92.16","-1119.48%","-91.8%","0","3"
"CLONIDINE 0.1 MG/24HR TRANSDERMAL PATCH WEEKLY","75907-0023-48","-32","7","32","912.48","245.74","-271.32%","-73.07%","0","4"
"CLONIDINE 0.3 MG/24HR TRANSDERMAL PATCH WEEKLY","75907-0025-48","-60","4","32","2131.36","224.23","-850.52%","-89.48%","0","4"
"NALOXONE HCL 4 MG/0.1ML NASAL LIQUID","45802-0578-84","-36","16","32","1320.96","754.33","-75.12%","-42.9%","0","2"
"SYRINGE 31G X 5/16""1 ML COMFORT EZ INSULIN***","98302-0139-19","-110","3","32","32.00","24.44","-30.93%","-23.62%","0","100"
"ATOVAQUONE-PROGUANIL HCL 250-100 MG ORAL TABLET","66993-0060-02","-32","2","32","199.80","108.04","-84.93%","-45.93%","0","100"
"DOTTI 0.1 MG/24HR TRANSDERMAL PATCH TWICE WEEKLY","65162-0997-08","-32","4","32","496.16","202.51","-145.01%","-59.18%","0","8"
"KLOXXADO 8 MG/0.1ML NASAL LIQUID","59467-0679-01","-36","16","32","2064.00","1968.60","-4.85%","-4.62%","0","2"
"HYDROCODONE-ACETAMINOPHEN 5-325 MG ORAL TABLET","53746-0109-01","38","1","32","19.03","12.12","-57.01%","-36.31%","0","100"
"TRULANCE 3 MG TABLET","65649-0003-30","-1230","1","30","524.45","552.80","5.13%","5.41%","0","30"
"RISPERIDONE 4MG TABLET","43547-0344-50","-1110","1","30","309.60","1.68","-18328.57%","-99.46%","0","500"
"NYSTATIN-TRIAMCINOLONE 100000-0.1 UNIT/GM-% EXTERNAL CREAM","45802-0880-94","-210","1","30","30.36","17.94","-69.23%","-40.91%","0","30"
"DEXAMETHASONE 4MG TAB ***","00054-4184-25","-310","5","30","35.70","3.45","-934.78%","-90.34%","0","100"
"RIVASTIGMINE 4.6 MG/24HR TRANSDERMAL PATCH 24 HOUR","65162-0825-34","-150","1","30","435.93","64.00","-581.14%","-85.32%","0","30"
"PAROXETINE MESYLATE 7.5 MG CAPSULE","00574-0279-30","-30","1","30","170.15","62.48","-172.33%","-63.28%","0","30"
"EMTRICITABINE-TENOFOVIR DF 100-150 MG ORAL TABLET","70710-1364-03","-30","1","30","1806.17","303.78","-494.57%","-83.18%","0","30"
"NEOMYCIN-POLYMYXIN-HC 3.5-10000-1 OTIC SUSPENSION","61314-0645-11","-60","3","30","270.60","108.34","-149.77%","-59.96%","0","10"
"AMPHETAMINE-DEXTROAMPHETAMINE 5 MG ORAL TABLET","47781-0174-01","70","1","30","44.22","13.94","-217.22%","-68.48%","0","100"
"ESTRADIOL 0.5 MG ORAL TABLET","70954-0564-10","-30","1","30","14.22","3.98","-257.29%","-72.01%","0","100"
"QUETIAPINE FUMARATE ER 50 MG ORAL TABLET EXTENDED RELEASE 24 HOUR","68180-0612-07","-30","1","30","228.82","13.66","-1575.11%","-94.03%","0","60"
"QUETIAPINE FUMARATE ER 300 MG TABLET","33342-0136-09","-60","1","30","592.86","18.14","-3168.25%","-96.94%","0","60"
"BETAMETHASONE DIP AUG 0.05 % EXTERNAL OINTMENT","00168-0268-15","-105","2","30","171.54","27.06","-533.92%","-84.23%","0","15"
"AMPHETAMINE SULFATE 10 MG ORAL TABLET","70010-0041-01","0","1","30","224.39","22.91","-879.44%","-89.79%","0","100"
"METHYLPHENIDATE HCL ER (OSM) 36 MG ORAL TABLET EXTENDED RELEASE","13811-0708-10","110","1","30","254.83","24.35","-946.53%","-90.44%","0","100"
"METHYLPHENIDATE HCL 10 MG ORAL TABLET","10702-0101-01","150","1","30","26.52","21.69","-22.27%","-18.21%","0","100"
"CLOTRIMAZOLE 1 % EXTERNAL SOLUTION","71399-0500-03","-120","1","30","15.24","8.24","-84.95%","-45.93%","0","30"
"KETOCONAZOLE 2 % EXTERNAL CREAM","51672-1298-01","-30","1","30","225.88","18.54","-1118.34%","-91.79%","0","15"
"PAROXETINE HCL 10 MG ORAL TABLET","13107-0154-05","-30","1","30","67.55","0.80","-8343.75%","-98.82%","0","500"
"CLOBETASOL PROPIONATE 0.05 % EXTERNAL OINTMENT","43386-0096-61","-270","1","30","223.39","6.00","-3623.17%","-97.31%","0","30"
"ENOXAPARIN SODIUM 40 MG/0.4ML INJECTION SOL","00781-3246-64","-30","5","30","1229.60","243.11","-405.78%","-80.23%","0","4"
"QELBREE 100MG CAPSULE ER","17772-0131-30","-120","1","30","346.71","352.65","1.68%","1.71%","0","30"
"RIVASTIGMINE 13.3 MG/24HR TRANSDERMAL PATCH 24 HOUR","65162-0749-34","-30","1","30","435.93","75.00","-481.24%","-82.8%","0","30"
"VRAYLAR 4.5 MG ORAL CAPSULE","61874-0145-30","-30","1","30","1567.49","1465.59","-6.95%","-6.5%","0","30"
"BRIMONIDINE TARTRATE-TIMOLOL 0.2-0.5 % OPHTHALMIC SOLUTION","70069-0652-01","-30","3","30","1263.99","184.14","-586.43%","-85.43%","0","10"
"OMEPRAZOLE-SODIUM BICARBONATE 20-1680 MG ORAL PACKET","64380-0182-02","-30","1","30","2704.77","252.31","-972%","-90.67%","0","30"
"RENA-VITE RX 1MG TABLET","60258-0161-01","-30","1","30","9.24","4.75","-94.53%","-48.59%","0","100"
"METAXALONE 800 MG ORAL TABLET","55111-0650-01","-60","1","30","126.19","33.07","-281.58%","-73.79%","0","100"
"HYDROCORTISONE-ACETIC ACID 1-2 % OTIC SOLUTION","51672-3007-01","-30","3","30","582.48","194.48","-199.51%","-66.61%","0","10"
"INSULIN PROT & ASP FLEXPEN (70-30) 100 UNIT/ML","73070-0203-15","-84","2","30","576.70","299.78","-92.37%","-48.02%","0","15"
"OMEPRAZOLE 10MG CAPSULE DR","00781-2859-31","-840","1","30","102.82","6.93","-1383.69%","-93.26%","0","30"
"PIMECROLIMUS 1 % EXTERNAL CREAM","00591-2944-30","-30","1","30","276.58","144.48","-91.43%","-47.76%","0","30"
"IBUPROFEN 200MG TABLET","70000-0175-05","-204","1","30","0.80","10.34","92.26%","1192.5%","0","500"
"SULINDAC 150 MG ORAL TABLET","42806-0018-01","-30","1","30","25.28","3.06","-726.14%","-87.9%","0","100"
"NITRO-BID 2 % TRANSDERMAL OINTMENT","00281-0326-30","-30","1","30","40.25","41.07","2%","2.04%","0","30"
"ARIPIPRAZOLE 10MG TABLET ***","65162-0898-03","-180","1","30","673.58","13.20","-5002.88%","-98.04%","0","30"
"DESCOVY 200-25MG TAB ***","61958-2002-01","-570","1","30","3000.00","2153.00","-39.34%","-28.23%","0","30"
"PHENTERMINE HCL 15 MG ORAL CAPSULE","10702-0026-01","70","1","30","32.35","5.65","-472.57%","-82.53%","0","100"
"NICOTINE 7 MG/24HR TRANSDERMAL PATCH 24 HOUR","00536-5894-53","-182","1","28","57.60","50.37","-14.35%","-12.55%","0","7"
"GUAIFENESIN 200 MG ORAL TABLET","00904-5154-60","-70","1","28","5.77","10.74","46.28%","86.14%","0","100"
"XCOPRI 14 X 12.5 MG & 14 X 25 MG ORAL TABLET THERAPY PACK","71699-0201-28","0","1","28","114.60","104.49","-9.68%","-8.82%","0","28"
"XCOPRI 14 X 50 MG & 14 X100 MG ORAL TABLET THERAPY PACK","71699-0202-28","0","1","28","1254.30","1146.13","-9.44%","-8.62%","0","28"
"DOXYCYCLINE HYCLATE 50 MG ORAL TABLET","62332-0499-60","-88","1","28","317.85","181.29","-75.33%","-42.96%","0","60"
"XCOPRI 14 X 150 MG & 14 X200 MG ORAL TABLET THERAPY PACK","71699-0203-28","0","1","28","1254.30","1146.13","-9.44%","-8.62%","0","28"
"INTRAROSA 6.5 MG VAGINAL INSERT","72495-0401-28","-28","1","28","304.06","348.05","12.64%","14.47%","0","28"
"SULINDAC 200 MG ORAL TABLET","42806-0011-01","-88","1","28","28.90","16.37","-76.54%","-43.36%","0","100"
"NICOTINE 21 MG/24HR TRANSDERMAL PATCH 24 HOUR","00536-5896-71","-364","1","28","51.55","50.37","-2.34%","-2.29%","0","28"
"CLARITHROMYCIN 500 MG ORAL TABLET","57237-0045-60","-28","1","28","108.87","24.24","-349.13%","-77.73%","0","60"
"PHENAZOPYRIDINE HCL 100MG TABLET","69367-0611-01","-89","2","27","62.69","15.76","-297.78%","-74.86%","0","100"
"LEVOFLOXACIN 250 MG ORAL TABLET","55111-0279-50","-39","4","27","407.04","1.38","-29395.65%","-99.66%","0","50"
"RIZATRIPTAN BENZOATE 10MG TABLET ODT","33342-0094-41","-27","2","27","771.80","20.78","-3614.15%","-97.31%","0","18"
"NALOXONE HCL 4 MG/0.1ML NASAL LIQUID","45802-0811-84","-182","13","26","1448.98","767.62","-88.76%","-47.02%","0","2"
"AMOXICILLIN-POT CLAVULANATE 250-125 MG ORAL TABLET","00781-1874-31","-56","2","26","132.33","20.82","-535.59%","-84.27%","0","30"
"ZEPBOUND 10 MG/0.5ML AUTO-INJECTOR","00002-2471-80","-30","13","26","14219.14","13625.41","-4.36%","-4.18%","0","2"
"DELESTROGEN 20 MG/ML INTRAMUSCULAR OIL","42023-0111-01","-35","5","25","965.25","949.62","-1.65%","-1.62%","0","5"
"GLYCERIN CHILDRENS 1GM SUPPOSITORY","70000-0429-01","-125","1","25","2.06","13.92","85.2%","575.73%","0","25"
"OLOPATADINE HCL 0.1 % OPHTHALMIC SOLUTION","00536-1445-40","-25","3","25","39.30","45.56","13.74%","15.93%","0","5"
"MURO 128 5% OINTMENT","24208-0385-55","-24.5","7","24.5","114.10","129.85","12.13%","13.8%","0","3.5"
"BROMFENAC SODIUM 0.07 % OPHTHALMIC SOLUTION","68180-0433-02","-87","8","24","2651.60","418.29","-533.91%","-84.22%","0","3"
"IBANDRONATE 150MG TAB ***","60505-2795-00","-80","8","24","3332.88","133.86","-2389.83%","-95.98%","0","1"
"MUCINEX D 120-1200 MG TABLET ER","63824-0041-24","-48","1","24","24.79","27.38","9.46%","10.45%","0","24"
"RISEDRONATE SODIUM 35MG TABLET","60505-3165-00","-84","2","24","1278.72","73.83","-1631.98%","-94.23%","0","4"
"CLONIDINE 0.3MG/24HR PATCH","00378-0873-99","-120","2","24","1856.64","169.61","-994.65%","-90.86%","0","4"
"CIPROFLOXACIN 250MG TABLET","00143-9927-01","-146","2","24","94.82","22.49","-321.61%","-76.28%","0","100"
"RASUVO 20MG/0.4ML INJECTION","59137-0530-04","-64","14","22.4","7122.92","7721.58","7.75%","8.4%","0","1.6"
"HYDROXYZINE PAMOATE 50MG CAP ***","00185-0676-01","-22","1","22","4.96","0.67","-640.3%","-86.49%","0","100"
"ACTEMRA ACTPEN 162 MG/0.9ML SUBCUTANEOUS SOLUTION AUTO-INJECTOR","50242-0143-01","-30.6","12","21.6","29097.60","28264.09","-2.95%","-2.86%","0","0.9"
"PODOFILOX 0.5 % EXTERNAL GEL","00574-0621-05","-98","6","21","3529.50","2811.70","-25.53%","-20.34%","0","3.5"
"LORAZEPAM 1 MG TABLET","69315-0905-05","0","2","21","14.64","11.29","-29.67%","-22.88%","0","500"
"LURASIDONE HCL 40 MG ORAL TABLET","67877-0639-30","-81","2","21","921.63","6.31","-14505.86%","-99.32%","0","30"
"SODIUM CHLORIDE (HYPERTONIC) 5 % OPHTHALMIC OINTMENT","00536-1253-91","-21","6","21","63.54","79.70","20.28%","25.43%","0","3.5"
"LORAZEPAM 1 MG ORAL TABLET","69315-0905-10","979","2","21","15.23","11.24","-35.5%","-26.2%","0","1000"
"NEOMYCIN-POLY-HC OTIC SOLUTION (EAR)","61314-0646-10","-180","2","20","131.28","71.60","-83.35%","-45.46%","0","10"
"BUPRENORPHINE 10 MCG/HR TRANSDERMAL PATCH WEEKLY","00093-3657-40","0","5","20","1973.95","513.49","-284.42%","-73.99%","0","4"
"KETOROLAC TROMETHAMINE 0.5 % OPHTHALMIC SOLUTION","42571-0137-26","-30","2","20","364.64","24.86","-1366.77%","-93.18%","0","10"
"BRIMONIDINE TARTRATE-TIMOLOL 0.2-0.5 % OPHTHALMIC SOLUTION","00832-1425-05","-35","4","20","800.52","60.99","-1212.54%","-92.38%","0","5"
"HYDROCORTISONE 2.5 % EXTERNAL OINTMENT","45802-0014-02","-140","1","20","4.27","1.99","-114.57%","-53.4%","0","20"
"SUMATRIPTAN SUCCINATE 6 MG/0.5ML SUBCUTANEOUS SOLUTION AUTO-INJECTOR","43598-0768-23","-20","2","20","3617.80","1260.15","-187.09%","-65.17%","0","1"
"OFLOXACIN 0.3 % OTIC SOLUTION","69238-1616-06","-20","2","20","541.26","154.70","-249.88%","-71.42%","0","10"
"KETOROLAC TROMETHAMINE 10 MG ORAL TABLET","70710-1710-01","-29","1","20","37.10","15.18","-144.4%","-59.08%","0","100"
"PHENAZOPYRIDINE 100MG TABLET","58657-0450-01","-85","1","20","46.44","10.00","-364.4%","-78.47%","0","100"
"SPIRIVA RESPIMAT 2.5MCG/ACT AEROSOL***","00597-0100-61","-20","5","20","3750.00","2574.06","-45.68%","-31.36%","0","4"
"LIDOCAINE PAIN RELIEF 4% PATCH","70000-0366-01","-1570","2","20","80.00","36.18","-121.12%","-54.78%","0","5"
"CIPROFLOXACIN 750MG TABLET","65862-0078-50","-66","1","20","96.74","5.38","-1698.14%","-94.44%","0","50"
"FOSFOMYCIN TROMETHAMINE 3 GM ORAL PACKET","70700-0268-94","-21","3","19","1640.46","415.59","-294.73%","-74.67%","0","1"
"METHYLPREDNISOLONE 4MG TABLET","59746-0001-06","-1071","2","19","26.96","4.84","-457.02%","-82.05%","0","100"
"MOXIFLOXACIN HCL 0.5% SOLUTION","60505-0582-04","-66","6","18","702.84","60.60","-1059.8%","-91.38%","0","3"
"ZEPBOUND 7.5 MG/0.5ML AUTO-INJECTOR","00002-2484-80","-26","9","18","9844.02","9382.52","-4.92%","-4.69%","0","2"
"MOXIFLOXACIN HCL 0.5 % OPHTHALMIC SOLUTION","68180-0422-01","-42","6","18","863.52","110.32","-682.74%","-87.22%","0","3"
"LINEZOLID 600 MG ORAL TABLET","67877-0419-20","-18","1","18","2843.10","42.16","-6643.6%","-98.52%","0","20"
"FREESTYLE LIBRE 3 PLUS SENSOR","57599-0844-00","-18","9","18","1436.04","1428.62","-0.52%","-0.52%","0","1"
"GATIFLOXACIN 0.5 % OPHTHALMIC SOLUTION","61314-0672-25","-70","7","17.5","711.34","109.58","-549.15%","-84.6%","0","2.5"
"MOXIFLOXACIN HCL 400 MG ORAL TABLET","72205-0001-30","-24","2","17","398.04","52.71","-655.15%","-86.76%","0","30"
"BUDESONIDE 32 MCG/ACT NASAL SUSPENSION","60505-6129-02","-16.86","2","16.86","29.56","44.39","33.41%","50.17%","0","8.43"
"WEGOVY 1 MG/0.5ML AUTO-INJECTOR","00169-4501-14","-60","8","16","11137.52","10082.00","-10.47%","-9.48%","0","2"
"ZEPBOUND 12.5 MG/0.5ML AUTO-INJECTOR","00002-2460-80","-26","8","16","8750.24","8529.37","-2.59%","-2.52%","0","2"
"BUPRENORPHINE 15 MCG/HR TRANSDERMAL PATCH WEEKLY","00093-3658-40","0","4","16","2277.88","510.84","-345.91%","-77.57%","0","4"
"DOTTI 0.05 MG/24HR TRANSDERMAL PATCH TWICE WEEKLY","65162-0993-08","-48","2","16","247.72","65.03","-280.93%","-73.75%","0","8"
"ENOXAPARIN SODIUM 120 MG/0.8ML INJECTION SOLUTION PREFILLED SYRINGE","81952-0132-28","-16","1","16","526.12","132.05","-298.42%","-74.9%","0","8"
"EPINEPHRINE (JR) 0.15MG/0.3ML","00093-5985-27","-26","8","16","4773.44","1646.79","-189.86%","-65.5%","0","2"
"NEOMYCIN-POLY-DEX OPTH SUSPENSION (EYE)","24208-0830-60","-25","3","15","41.70","46.24","9.82%","10.89%","0","5"
"KETOROLAC 10MG TAB ***","00093-0314-01","-306","1","15","22.65","14.59","-55.24%","-35.58%","0","100"
"BRIMONIDINE TARTRATE-TIMOLOL 0.2-0.5 % OPHTHALMIC SOLUTION","62332-0706-15","-30","1","15","571.77","113.70","-402.88%","-80.11%","0","15"
"OFLOXACIN OTIC 0.3% SOL (EAR) ***","60505-0363-01","-85","3","15","324.00","145.19","-123.16%","-55.19%","0","5"
"ATOMOXETINE HCL 10 MG ORAL CAPSULE","64980-0373-03","-36","1","15","183.63","3.44","-5238.08%","-98.13%","0","30"
"TOLNAFTATE 1 % CREAM","00536-1315-43","-70.9","1","14.18","1.43","1.05","-36.19%","-26.57%","0","14.18"
"PROGESTERONE 100 MG ORAL CAPSULE","69452-0233-20","-84","1","14","24.64","4.96","-396.77%","-79.87%","0","100"
"VILAZODONE HCL 10 MG ORAL TABLET","60505-4372-03","-14","1","14","136.60","25.03","-445.75%","-81.68%","0","30"
"ENOXAPARIN SODIUM 100 MG/ML INJECTION SOLUTION PREFILLED SYRINGE","81952-0130-06","-14","1","14","336.41","81.39","-313.33%","-75.81%","0","10"
"CARBIDOPA-LEVODOPA ER 25-100 MG ORAL TABLET EXTENDED RELEASE","50228-0460-01","-14","1","14","11.29","0.48","-2252.08%","-95.75%","0","100"
"LEVOFLOXACIN 500MG TABLET","55111-0280-50","-14","2","14","241.88","0.60","-40213.33%","-99.75%","0","50"
"DOCOSANOL 10 % EXTERNAL CREAM","00536-1427-04","-14","7","14","113.05","164.18","31.14%","45.23%","0","2"
"DOXYCYCLINE MONOHYDRATE 100 MG ORAL TABLET","00527-1338-25","-14","1","14","48.96","5.11","-858.12%","-89.56%","0","250"
"TESTOSTERONE CYPIONATE 200 MG/ML INTRAMUSCULAR SOLUTION","55150-0277-01","0","6","12","235.32","121.68","-93.39%","-48.29%","0","1"
"ZEPBOUND 2.5 MG/0.5ML AUTO-INJECTOR","00002-2506-80","-16","6","12","6562.68","6233.93","-5.27%","-5.01%","0","2"
"TESTOSTERONE CYPIONATE 200 MG/ML INTRAMUSCULAR SOLUTION","69097-0537-31","0","6","12","238.44","123.30","-93.38%","-48.29%","0","1"
"PROCRIT 10000 UNIT/ML INJECTION SOLUTION","59676-0310-01","-42","4","12","3309.64","2990.78","-10.66%","-9.63%","0","6"
"ACETAMINOPHEN-CODEINE 300-30 MG ORAL TABLET","00406-0484-01","0","1","12","14.72","3.14","-368.79%","-78.67%","0","100"
"VEVYE 0.1 % OPHTHALMIC SOLUTION","82667-0900-02","-12","6","12","4767.84","4388.47","-8.64%","-7.96%","0","2"
"NITROFURANTOIN MACROCRYSTAL 50 MG ORAL CAPSULE","62332-0390-31","-12","1","12","22.02","1.11","-1883.78%","-94.96%","0","100"
"CALCITONIN (SALMON) 200 UNIT/ACT NASAL SOLUTION","49884-0161-11","-11.1","1","11.1","305.82","65.66","-365.76%","-78.53%","0","3.7"
"OPTICHAMBER DIAMOND-LG MASK DEVICE","08373-9827-00","-29","11","11","295.13","281.04","-5.01%","-4.77%","0","1"
"BACITRACIN-POLY B 500-10000 UNIT/GM OPH OINTMENT","24208-0555-55","-14","3","10.5","73.92","29.20","-153.15%","-60.5%","0","3.5"
"ALPHAGAN P 0.1 % OPHT SOLUTION 5ML","00023-9321-05","-95","2","10","500.00","393.73","-26.99%","-21.25%","0","5"
"LUMIGAN 0.01% SOLUTION****","00023-3205-03","-152.5","4","10","1140.00","986.76","-15.53%","-13.44%","0","2.5"
"PHENAZOPYRIDINE 200MG TABLET ***","69367-0163-04","-234","1","10","34.40","10.00","-244%","-70.93%","0","100"
"BRIMONIDINE TARTRATE-TIMOLOL 0.2-0.5 % OPHTHALMIC SOLUTION","71921-0188-10","-20","1","10","400.26","185.22","-116.1%","-53.73%","0","10"
"BRIMONIDINE TARTRATE 0.15 % OPHTHALMIC SOLUTION","82182-0773-05","-15","1","10","329.68","172.27","-91.37%","-47.75%","0","5"
"VALTOCO 10 MG DOSE 10 MG/0.1ML NASAL LIQUID","72252-0510-05","-10","1","10","3946.40","3670.08","-7.53%","-7%","0","5"
"NEOMYCIN-POLYMYXIN-HC 3.5-10000-1 OTIC SUSPENSION","24208-0635-62","-30","1","10","86.58","26.57","-225.86%","-69.31%","0","10"
"AMIODARONE HCL 400 MG ORAL TABLET","68382-0298-06","-9","1","9","57.86","7.78","-643.7%","-86.55%","0","30"
"PREVNAR 20 0.5 ML PREFILLED SYRINGE","00005-2000-10","-8.5","16","8","4532.16","4555.84","0.52%","0.52%","0","5"
"BAQSIMI TWO PACK 3 MG/DOSE NASAL POWDER","00548-8352-02","-8","4","8","2459.28","2324.08","-5.82%","-5.5%","0","2"
"EPINEPHRINE (JR) 0.15MG/0.3ML INJECTION 2ML","49502-0101-02","-16","4","8","1568.00","1179.05","-32.99%","-24.81%","0","2"
"BUPRENORPHINE 5 MCG/HR TRANSDERMAL PATCH WEEKLY","00093-3656-40","0","2","8","526.38","96.47","-445.64%","-81.67%","0","4"
"BUPRENORPHINE 7.5 MCG/HR TRANSDERMAL PATCH WEEKLY","00093-3239-40","0","2","8","889.64","188.10","-372.96%","-78.86%","0","4"
"LATANOPROST 0.005 % OPHTHALMIC SOLUTION","24208-0463-25","-47.5","3","7.5","62.91","43.85","-43.47%","-30.3%","0","2.5"
"CIPROFLOXACIN-DEXAMETHASONE 0.3-0.1 % OTIC SUSPENSION","00781-6186-67","-45","1","7.5","241.00","57.71","-317.61%","-76.05%","0","7.5"
"LEVONORGESTREL 1.5 MG ORAL TABLET","70700-0164-06","-12","7","7","220.01","106.68","-106.23%","-51.51%","0","1"
"ACCU-CHEK GUIDE W/DEVICE KIT","65702-0729-10","-12","7","7","173.04","158.05","-9.48%","-8.66%","0","1"
"NEBULIZER EASY AIR COMPRESSOR","91237-0001-60","-28","7","7","1074.92","196.21","-447.84%","-81.75%","0","1"
"CLONAZEPAM 0.5MG TABLET","43547-0406-11","0","1","7","4.51","0.10","-4410%","-97.78%","0","1000"
"BROMFENAC SODIUM (ONCE-DAILY) 0.09% SOLUTION","72266-0142-01","-20.4","4","6.8","588.08","223.66","-162.93%","-61.97%","0","1.7"
"ONETOUCH ULTRA 2 W/DEVICE KIT","53885-0046-01","-33","6","6","142.44","129.10","-10.33%","-9.37%","0","1"
"ZEPBOUND 5 MG/0.5ML AUTO-INJECTOR","00002-2495-80","-18","3","6","3281.34","3122.51","-5.09%","-4.84%","0","2"
"CYCLOPENTOLATE HCL 1% SOLUTION","61314-0396-01","-27","3","6","35.28","18.84","-87.26%","-46.6%","0","2"
"INSULIN LISPRO JUNIOR KWIKPEN 100 UNIT/ML SUBCUTANEOUS SOLUTION PEN-INJECTOR","00002-7752-05","-6","2","6","65.68","62.60","-4.92%","-4.69%","0","15"
"MICONAZOLE 3 200 MG VAGINAL SUPPOSITORY","00472-1738-03","-6","2","6","98.56","115.86","14.93%","17.55%","0","3"
"TADALAFIL 10MG TABLET","47335-0011-83","-804","1","6","372.26","2.54","-14555.91%","-99.32%","0","30"
"METHYLERGONOVINE MALEATE 0.2MG TABLET","16571-0735-21","-6","1","6","366.18","67.50","-442.49%","-81.57%","0","12"
"WEGOVY 0.5 MG/0.5ML AUTO-INJECTOR","00169-4505-14","-12","3","6","4176.57","3914.51","-6.69%","-6.27%","0","2"
"CEFUROXIME AXETIL 250 MG ORAL TABLET","65862-0699-20","-35","1","5","18.91","2.06","-817.96%","-89.11%","0","20"
"FLUOROMETHOLONE 0.1% SUSPENSION","60758-0880-05","-5","1","5","59.68","76.94","22.43%","28.92%","0","5"
"PROLIA 60 MG/ML SUBCUTANEOUS SOLUTION PREFILLED SYRINGE","55513-0710-21","-10","5","5","9216.35","8715.79","-5.74%","-5.43%","0","1"
"VALTOCO 15 MG DOSE 2 X 7.5 MG/0.1ML NASAL LIQUID THERAPY PACK","72252-0515-10","0","1","5","1888.23","1755.16","-7.58%","-7.05%","0","5"
"MISOPROSTOL 200 MCG ORAL TABLET","70954-0444-20","-51","3","5","6.15","13.91","55.79%","126.18%","0","100"
"TRIAMCINOLONE ACETONIDE 0.1 % MOUTH/THROAT PASTE","00713-0655-40","-40","1","5","71.41","14.04","-408.62%","-80.34%","0","5"
"CHLORDIAZEPOXIDE HCL 10 MG ORAL CAPSULE","00555-0033-02","95","1","5","1.71","10.89","84.3%","536.84%","0","100"
"TOBRAMYCIN 0.3 % OPHTHALMIC SOLUTION","70069-0131-01","-45","1","5","5.38","1.99","-170.35%","-63.01%","0","5"
"LORAZEPAM INTENSOL 2 MG/ML ORAL CONCENTRATE","00054-3532-44","-5","1","5","6.89","13.29","48.16%","92.89%","0","30"
"OFLOXACIN 0.3 % OTIC SOLUTION","69238-1615-03","-5","1","5","135.31","15.87","-752.61%","-88.27%","0","5"
"MEDROXYPROGESTERONE ACETATE 150 MG/ML INTRAMUSCULAR SUSPENSION PREFILLED SYRINGE","66993-0371-79","-11","4","4","396.28","118.92","-233.23%","-69.99%","0","1"
"FREESTYLE LIBRE 2 SENSOR","57599-0800-00","-42","2","4","265.08","288.60","8.15%","8.87%","0","1"
"VIVITROL 380MG FOR SUSPENSION","65757-0300-01","-5","4","4","5727.76","6527.99","12.26%","13.97%","0","1"
"FREESTYLE LIBRE 3 READER DEVICE","57599-0820-00","-9","4","4","288.96","285.25","-1.3%","-1.28%","0","1"
"AREXVY 120 MCG/0.5ML INTRAMUSCULAR SUSPENSION RECONSTITUTED","58160-0848-11","-4","4","4","1155.84","1186.97","2.62%","2.69%","0","10"
"NAYZILAM 5 MG/0.1ML NASAL SOLUTION","50474-0500-15","-2","2","4","1285.14","1277.55","-0.59%","-0.59%","0","2"
"SHINGRIX 50 MCG/0.5ML INTRAMUSCULAR SUSPENSION PREFILLED SYRINGE","58160-0849-52","-4","8","4","2003.44","1975.93","-1.39%","-1.37%","0","5"
"NEOMYCIN-BACITRACIN ZN-POLYMYX 3.5-400-10000 OPHTHALMIC OINTMENT","16571-0754-53","-31.5","1","3.5","48.98","9.73","-403.39%","-80.13%","0","3.5"
"OLOPATADINE HCL 0.2 % OPHTHALMIC SOLUTION","70000-0716-01","-3.5","1","3.5","16.59","8.28","-100.36%","-50.09%","0","3.5"
"GLUCAGON EMERGENCY 1 MG INJECTION KIT","00378-8067-90","-4","2","3","866.88","707.10","-22.6%","-18.43%","0","1"
"DEXCOM G7 RECEIVER DEVICE","08627-0078-01","-11","3","3","964.29","896.07","-7.61%","-7.07%","0","1"
"FREESTYLE FREEDOM LITE  KIT KINRAY*****","99073-0709-14","-20","3","3","150.00","41.33","-262.93%","-72.45%","0","1"
"DEXAMETHASONE 1MG TABLET","00054-4181-25","-6","3","3","0.90","0.39","-130.77%","-56.67%","0","100"
"OPTICHAMBER DIAMOND-MD MASK****","08373-9826-00","-9","2","3","105.00","73.91","-42.06%","-29.61%","0","1"
"IBANDRONATE SODIUM 150 MG ORAL TABLET","33342-0150-52","-3","1","3","357.91","11.32","-3061.75%","-96.84%","0","3"
"XALATAN 0.005 % OPHTHALMIC SOLUTION","58151-0419-35","-12.5","1","2.5","278.21","254.03","-9.52%","-8.69%","0","2.5"
"AFLURIA PRESERVATIVE FREE 0.5 ML INTRAMUSCULAR SUSPENSION PREFILLED SYRINGE","33332-0025-03","-3","5","2.5","115.10","104.14","-10.52%","-9.52%","0","5"
"PREVNAR 20 0.5 ML INTRAMUSCULAR SUSPENSION PREFILLED SYRINGE","00005-2000-02","-8.5","5","2.5","1350.85","1477.80","8.59%","9.4%","0","0.5"
"BOOSTRIX 5-2.5-18.5 LF-MCG/0.5 PREFILLED SYRINGE","58160-0842-52","-2.5","4","2","188.64","195.81","3.66%","3.8%","0","5"
"ESTRING 2MG RING","00013-1042-01","-7","2","2","934.80","1071.89","12.79%","14.67%","0","1"
"GLUCAGON EMERGENCY 1 MG INJECTION KIT","00548-5850-00","-4","1","2","577.92","471.15","-22.66%","-18.47%","0","1"
"LANCING DEVICE EMBRACE","94030-0002-68","-20","2","2","29.24","26.36","-10.93%","-9.85%","0","1"
"HUMIRA PEN 40MG/0.4ML PEN INJECTOR","00074-0554-02","-6","1","2","7800.00","6529.17","-19.46%","-16.29%","0","2"
"DIAZEPAM 20 MG RECTAL GEL","43386-0281-01","0","1","2","626.18","392.44","-59.56%","-37.33%","0","1"
"GLUCAGON EMERGENCY 1 MG INJECTION SOLUTION RECONSTITUTED","70748-0311-01","-2","1","2","577.92","471.15","-22.66%","-18.47%","0","1"
"GARDASIL 9 INTRAMUSCULAR SUSPENSION PREFILLED SYRINGE","00006-4121-02","-2.5","4","2","1109.00","1331.80","16.73%","20.09%","0","5"
"WEGOVY 0.25 MG/0.5ML AUTO-INJECTOR","00169-4525-14","-6","1","2","1392.19","1316.70","-5.73%","-5.42%","0","2"
"CEFIXIME 400 MG ORAL CAPSULE","67877-0584-33","-2","1","2","40.46","31.40","-28.85%","-22.39%","0","10"
"PNEUMOVAX 23 25 MCG/0.5ML INJECTION INJECTABLE","00006-4837-03","-3.5","2","1","241.66","257.02","5.98%","6.36%","0","5"
"THERMOMETER CLEVER CHOICE *","98302-0141-88","-1","1","1","100.00","1.99","-4925.13%","-98.01%","0","1"
"ELLA 30 MG ORAL TABLET","73302-0456-01","-7","1","1","39.99","38.18","-4.74%","-4.53%","0","1"
"OMNIPOD 5 G6 INTRO (GEN 5) KIT","08508-3000-01","-2","1","1","588.57","590.01","0.24%","0.24%","0","1"
"SULFAMETHOXAZOLE-TRIMETHOPRIM 800-160 MG ORAL TABLET","00904-2725-61","-97","1","1","0.32","0.10","-220%","-68.75%","0","100"
"XOFLUZA (80 MG DOSE) 1 X 80 MG ORAL TABLET THERAPY PACK","50242-0877-01","-1","1","1","174.24","172.20","-1.18%","-1.17%","0","1"
"CEFTRIAXONE SODIUM 500MG FOR SOLUTION","60505-6152-04","-1","1","1","24.07","15.95","-50.91%","-33.73%","0","1"
"GVOKE HYPOPEN 2-PACK 1 MG/0.2ML SUBCUTANEOUS SOLUTION AUTO-INJECTOR","72065-0121-12","-1.2","2","0.8","1343.76","1235.36","-8.77%","-8.07%","0","0.4"
"FLULAVAL 0.5 ML INTRAMUSCULAR SUSPENSION PREFILLED SYRINGE","19515-0904-52","-0.5","1","0.5","21.02","18.97","-10.81%","-9.75%","0","5"
"COMIRNATY 30 MCG/0.3ML INTRAMUSCULAR SUSPENSION PREFILLED SYRINGE","00069-2528-10","-0.3","1","0.3","152.42","141.87","-7.44%","-6.92%","0","3"
